1,"['3000322', '442405', '23427263', '91748460']","Index(['AcEc_119', 'AeAe_105', 'AmTr_40', 'AmTr_55', 'AnGa_11', 'ApCe_100',
       'ApFl_113', 'AtCo_112', 'DiQu_110', 'DiQu_161', 'HaSa_108', 'HaSa_161',
       'HeAr_29', 'HeAr_66', 'LiHu_138', 'MoPh_105', 'OoBi_162', 'PaXu_52',
       'RhMa_28', 'TrNi_56', 'VaTa_29', 'VaTa_31', 'VoEm_167', 'VoEm_195',
       'VoEm_253', 'WaAu_162'],
      dtype='object')","Index(['AeAe_37', 'AeAe_44', 'AgPl_12', 'AmTr_15', 'AmTr_28', 'AmTr_32',
       'AnGa_24', 'AnGa_28', 'AnGa_47', 'AnGa_59', 'ApCe_63', 'ApCe_66',
       'ApFl_122', 'ApFl_26', 'ApFl_77', 'ApFl_83', 'ApMe_77', 'ApMe_90',
       'CaFl_159', 'CaFl_172', 'CaFl_263', 'CaFl_264', 'CaFl_303', 'CaFl_369',
       'CaFl_408', 'CiLe_24', 'CyCo_148', 'CyCo_151', 'CyCo_181', 'CyCo_200',
       'DiQu_156', 'DiQu_98', 'DrAr_27', 'DrBi_41', 'DrBi_44', 'DrEr_24',
       'DrFi_54', 'DrFi_57', 'DrGr_7', 'DrPe_12', 'DrVi_11', 'DrVi_13',
       'DrVi_47', 'DrVi_55', 'DrWi_56', 'DuNo_20', 'HaSa_110', 'HaSa_122',
       'HaSa_177', 'HeAr_34', 'LiHu_99', 'MiDe_171', 'MoPh_102', 'MoPh_136',
       'OoBi_209', 'PaPo_25', 'PaXu_28', 'PaXu_9', 'RhMa_24', 'TrCa_142',
       'TrCa_151', 'TrCa_179', 'TrNi_46', 'TrSe_114', 'VoEm_163', 'VoEm_241',
       'VoEm_243', 'VoEm_78', 'WaAu_160', 'WaAu_163', 'WaAu_166', 'ZeCu_74'],
      dtype='object')","Index(['AeAe_18', 'AeAe_31', 'AeAe_33', 'AeAe_62', 'AeAe_63', 'AeAe_83',
       'AmTr_13', 'AmTr_35', 'AnGa_18', 'AnGa_20', 'AnGa_32', 'AnGa_65',
       'AnGa_66', 'ApCe_44', 'ApCe_48', 'ApCe_60', 'ApCe_91', 'ApFl_107',
       'ApMe_51', 'ApMe_79', 'BoIm_51', 'CaFl_167', 'CaFl_174', 'CaFl_302',
       'CeCa_33', 'CoFl_104', 'CoFl_93', 'CoFl_99', 'CyCo_180', 'CyCo_199',
       'CyCo_204', 'DiQu_109', 'DiQu_206', 'DrAr_48', 'DrAr_56', 'DrBi_49',
       'DrBu_10', 'DrBu_31', 'DrBu_44', 'DrBu_45', 'DrGr_26', 'DrGr_27',
       'DrMo_52', 'DrWi_30', 'HaSa_157', 'HaSa_158', 'HaSa_173', 'HaSa_216',
       'HaSa_226', 'HeAr_16', 'HeAr_19', 'HyKa_25', 'LiHu_212', 'LiHu_219',
       'LiHu_94', 'LiHu_98', 'MeRo_92', 'OoBi_159', 'OoBi_220', 'PaMa_35',
       'PaPo_46', 'PoDo_73', 'RhMa_34', 'TrCa_133', 'TrCa_137', 'TrCa_138',
       'TrCa_161', 'TrNi_53', 'TrNi_55', 'TrNi_59', 'TrNi_60', 'TrSe_143',
       'TrZe_131', 'VaTa_40', 'VoEm_135', 'VoEm_252', 'VoEm_259', 'VoEm_77',
       'WaAu_190', 'ZeCu_52'],
      dtype='object')","Index(['AeAe_42', 'AeAe_84', 'AmTr_16', 'AmTr_42', 'ApCe_72', 'ApCe_74',
       'CaFl_89', 'CeSo_24', 'CoFl_111', 'DrEl_41', 'DrMo_47', 'DrVi_49',
       'DrWi_41', 'DrYa_49', 'HaLa_59', 'HaSa_238', 'LiHu_95', 'MoPh_181',
       'PaPo_42', 'PaXu_55', 'RhMa_32', 'SiFl_7', 'TrNi_23', 'TrNi_62',
       'VaTa_47', 'VaTa_50', 'VoEm_165', 'WaAu_234'],
      dtype='object')"
2,"['23427104', '442405', '21592256', '129775774']","Index(['AeAe_105', 'AeAe_31', 'AeAe_69', 'AeAe_73', 'AeAe_93', 'AgPl_10',
       'AgPl_12', 'AmTr_12', 'AmTr_14', 'AmTr_50', 'AmTr_51', 'AnGa_13',
       'AnGa_18', 'AnGa_33', 'AnGa_44', 'AnGa_64', 'ApCe_100', 'ApCe_45',
       'ApCe_73', 'ApCe_74', 'ApFl_113', 'ApFl_125', 'ApMe_63', 'AtCo_164',
       'BoTe_59', 'BoTe_73', 'CaFl_172', 'CaFl_302', 'CaFl_308', 'CaFl_405',
       'CaFl_408', 'CeCa_58', 'CeSo_24', 'CoFl_104', 'CoFl_72', 'CrSe_16',
       'CyCo_148', 'CyCo_149', 'CyCo_153', 'CyCo_204', 'DiQu_206', 'DrAr_39',
       'DrAr_48', 'DrAr_56', 'DrBu_17', 'DrBu_45', 'DrBu_55', 'DrEr_46',
       'DrEr_51', 'DrFi_20', 'DrFi_41', 'DrFi_6', 'DrGr_26', 'DrGr_27',
       'DrGr_34', 'DrMo_52', 'DrPe_49', 'DrYa_49', 'HaSa_100', 'HaSa_115',
       'HaSa_158', 'HaSa_173', 'HaSa_185', 'HeAr_19', 'HeAr_23', 'HeAr_67',
       'LiHu_110', 'LiHu_96', 'MeRo_92', 'MoPh_103', 'MoPh_143', 'MoPh_174',
       'MoPh_180', 'OoBi_95', 'PoDo_73', 'PoDo_82', 'RhMa_24', 'RhMa_26',
       'SiFl_16', 'TrCa_133', 'TrCa_137', 'TrCa_161', 'TrSe_153', 'TrSe_173',
       'TrZe_122', 'VaTa_25', 'VaTa_31', 'VaTa_33', 'VaTa_34', 'VaTa_40',
       'VaTa_48', 'VoEm_134', 'VoEm_135', 'VoEm_195', 'VoEm_242', 'VoEm_77',
       'WaAu_166', 'WaAu_188', 'WaAu_251'],
      dtype='object')","Index(['AeAe_44', 'AnGa_28', 'AnGa_37', 'AnGa_59', 'ApCe_63', 'ApFl_77',
       'ApMe_77', 'BoIm_108', 'BoIm_51', 'CyCo_200', 'DrBu_46', 'DrEl_41',
       'DrEr_43', 'DrFi_57', 'DrPe_12', 'DrPe_42', 'DrVi_11', 'DrVi_13',
       'DrVi_47', 'DrWi_56', 'DuNo_23', 'HaSa_110', 'HaSa_122', 'HeAr_34',
       'MeRo_105', 'PaPo_25', 'PaXu_28', 'PaXu_9', 'TrCa_151', 'TrNi_23',
       'TrNi_46', 'TrZe_120', 'TrZe_172', 'VoEm_163'],
      dtype='object')","Index(['AcEc_119', 'AeAe_37', 'AeAe_62', 'AeAe_65', 'AeAe_79', 'AeAe_84',
       'AgPl_11', 'AmTr_16', 'AmTr_23', 'AmTr_31', 'AnGa_14', 'AnGa_20',
       'AnGa_46', 'ApCe_54', 'ApCe_83', 'ApCe_91', 'ApFl_132', 'ApMe_54',
       'CyCo_180', 'CyCo_199', 'DrBu_21', 'DrMo_47', 'DrVi_55', 'HeAr_16',
       'LiHu_195', 'SiFl_9', 'TrNi_56', 'TrNi_60', 'TrNi_62', 'TrZe_130',
       'VaTa_29', 'VoEm_252', 'WaAu_214'],
      dtype='object')","Index(['AeAe_18', 'AeAe_61', 'AmTr_54', 'AnGa_11', 'ApCe_60', 'ApFl_75',
       'BaDo_38', 'BoTe_77', 'CaFl_166', 'CaFl_324', 'CaFl_394', 'CoFl_93',
       'CyCo_176', 'DiQu_161', 'HaLa_59', 'HaSa_125', 'HeAr_29', 'LiHu_138',
       'LiHu_153', 'LiHu_219', 'MoPh_105', 'OoBi_162', 'PaXu_55', 'TrCa_127',
       'TrNi_55', 'TrSe_143', 'TrZe_153', 'VoEm_144', 'VoEm_196', 'VoEm_241',
       'VoEm_345', 'WaAu_162'],
      dtype='object')"
3,"['23427104', '442405', '21592256', '12187779']","Index(['AeAe_105', 'AeAe_31', 'AeAe_42', 'AeAe_69', 'AeAe_73', 'AeAe_93',
       'AgPl_12', 'AmTr_12', 'AmTr_14', 'AmTr_35',
       ...
       'VaTa_48', 'VoEm_134', 'VoEm_135', 'VoEm_214', 'VoEm_242', 'VoEm_77',
       'VoEm_82', 'WaAu_166', 'WaAu_188', 'WaAu_251'],
      dtype='object', length=111)","Index(['AeAe_44', 'AnGa_28', 'AnGa_59', 'ApCe_63', 'ApCe_66', 'ApFl_77',
       'BoTe_74', 'CaFl_263', 'CeSo_13', 'CiLe_24', 'CyCo_200', 'DrBu_46',
       'DrEl_41', 'DrGr_7', 'DrPe_42', 'DrVi_11', 'DrVi_47', 'DrWi_55',
       'DrWi_56', 'DuNo_23', 'LiHu_99', 'OoBi_311', 'PaXu_28', 'PaXu_9',
       'TrNi_23', 'TrZe_120', 'VoEm_125', 'VoEm_163'],
      dtype='object')","Index(['AcEc_119', 'AeAe_37', 'AeAe_65', 'AeAe_84', 'AgPl_11', 'AmTr_16',
       'AmTr_23', 'AmTr_31', 'AnGa_14', 'AnGa_27', 'AnGa_46', 'ApCe_44',
       'ApCe_54', 'ApCe_83', 'ApMe_54', 'CaFl_226', 'CyCo_180', 'CyCo_199',
       'DrBu_40', 'DrBu_44', 'DrEl_60', 'DrMo_47', 'LiHu_195', 'SiFl_9',
       'TrNi_56', 'TrNi_60', 'TrNi_62', 'TrZe_130', 'VaTa_29', 'VoEm_252',
       'VoEm_259', 'WaAu_190'],
      dtype='object')","Index(['AeAe_61', 'AmTr_18', 'AnGa_37', 'ApCe_94', 'CaFl_293', 'CaFl_394',
       'CeCa_33', 'DrBi_49', 'DrBu_13', 'DrEl_33', 'DrEr_43', 'DrYa_53',
       'HaLa_43', 'HaSa_125', 'HeAr_29', 'LiHu_95', 'MoPh_105', 'OoBi_162',
       'PaMa_10', 'PaXu_52', 'PoDo_98', 'RhMa_23', 'TrCa_127', 'TrNi_26',
       'WaAu_119', 'WaAu_162'],
      dtype='object')"
4,"['23427104', '442405', '21592256', '340066']","Index(['AeAe_105', 'AeAe_31', 'AeAe_69', 'AeAe_73', 'AeAe_93', 'AgPl_10',
       'AgPl_12', 'AmTr_12', 'AmTr_14', 'AmTr_35',
       ...
       'VaTa_40', 'VaTa_48', 'VoEm_134', 'VoEm_135', 'VoEm_242', 'VoEm_77',
       'VoEm_82', 'WaAu_166', 'WaAu_188', 'WaAu_251'],
      dtype='object', length=105)","Index(['AeAe_44', 'AnGa_28', 'AnGa_59', 'ApCe_63', 'ApMe_77', 'BoIm_108',
       'BoIm_51', 'BoTe_74', 'CyCo_200', 'DrBu_46', 'DrEl_41', 'DrEr_43',
       'DrPe_12', 'DrPe_42', 'DrVi_11', 'DrVi_13', 'DrVi_47', 'DrWi_56',
       'HaSa_122', 'HeAr_34', 'MeRo_105', 'PaXu_28', 'PaXu_9', 'TrNi_23',
       'TrNi_46', 'TrZe_120', 'VoEm_163'],
      dtype='object')","Index(['AcEc_119', 'AeAe_37', 'AeAe_65', 'AeAe_79', 'AeAe_84', 'AgPl_11',
       'AmTr_23', 'AmTr_31', 'AnGa_14', 'AnGa_27', 'AnGa_46', 'ApCe_54',
       'ApCe_83', 'ApMe_54', 'CyCo_180', 'CyCo_199', 'DrMo_47', 'DrVi_55',
       'LiHu_195', 'SiFl_9', 'TrNi_56', 'TrNi_60', 'TrNi_62', 'TrZe_130',
       'VaTa_29', 'VoEm_252', 'VoEm_259', 'WaAu_214'],
      dtype='object')","Index(['AcEc_159', 'AcEc_199', 'AeAe_61', 'AmTr_17', 'AmTr_18', 'AnGa_21',
       'ApCe_75', 'ApMe_124', 'BaDo_38', 'BoTe_130', 'BoTe_77', 'CaFl_293',
       'CiLe_26', 'CoFl_111', 'DiQu_211', 'DrBi_49', 'DrBu_33', 'DrEl_33',
       'DrEl_36', 'DrFi_35', 'HaSa_110', 'HaSa_116', 'HaSa_125', 'HaSa_155',
       'HaSa_157', 'HaSa_238', 'HeAr_27', 'HeAr_29', 'LiHu_138', 'LiHu_153',
       'LiHu_95', 'MoPh_181', 'TrCa_127', 'TrCa_169', 'TrNi_55', 'VaTa_52',
       'VoEm_144', 'VoEm_186', 'VoEm_187', 'WaAu_162'],
      dtype='object')"
5,"['23427104', '442405', '129775774', '11530417']","Index(['AeAe_105', 'AeAe_31', 'AeAe_69', 'AeAe_73', 'AeAe_93', 'AgPl_10',
       'AgPl_12', 'AmTr_12', 'AmTr_13', 'AmTr_14',
       ...
       'VaTa_40', 'VaTa_48', 'VoEm_134', 'VoEm_135', 'VoEm_192', 'VoEm_242',
       'VoEm_77', 'WaAu_166', 'WaAu_188', 'WaAu_251'],
      dtype='object', length=107)","Index(['AeAe_41', 'AeAe_44', 'AmTr_37', 'AnGa_28', 'AnGa_58', 'AnGa_59',
       'ApCe_63', 'ApCe_83', 'ApFl_122', 'ApFl_77', 'ApMe_77', 'CyCo_104',
       'CyCo_200', 'DrBu_46', 'DrEl_41', 'DrEr_24', 'DrEr_43', 'DrFi_54',
       'DrMo_47', 'DrPe_12', 'DrPe_42', 'DrVi_11', 'DrVi_13', 'DrVi_44',
       'DrVi_47', 'DrWi_56', 'HaSa_110', 'HaSa_122', 'HeAr_34', 'MeRo_105',
       'PaXu_18', 'PaXu_28', 'PaXu_9', 'TrCa_151', 'TrNi_23', 'TrZe_120',
       'TrZe_130', 'VoEm_163'],
      dtype='object')","Index(['AeAe_18', 'AeAe_61', 'AmTr_42', 'AmTr_54', 'AnGa_11', 'AnGa_27',
       'ApCe_60', 'ApFl_75', 'BaDo_38', 'CaFl_166', 'CaFl_226', 'CaFl_324',
       'CaFl_394', 'CoFl_93', 'CyCo_176', 'DiQu_161', 'DrBu_44', 'HaLa_59',
       'HeAr_29', 'LiHu_138', 'LiHu_153', 'LiHu_219', 'MoPh_105', 'OoBi_162',
       'PaXu_55', 'TrNi_55', 'TrSe_143', 'TrZe_131', 'TrZe_153', 'VoEm_144',
       'VoEm_196', 'VoEm_241', 'VoEm_259', 'VoEm_345', 'WaAu_162', 'WaAu_190'],
      dtype='object')","Index(['AcEc_199', 'AeAe_33', 'AeAe_65', 'AeAe_70', 'AeAe_79', 'AeAe_84',
       'AgPl_11', 'AmTr_16', 'AmTr_31', 'AnGa_21', 'AnGa_65', 'ApCe_54',
       'ApCe_94', 'ApFl_130', 'ApMe_54', 'CyCo_180', 'DrBi_39', 'DrBu_21',
       'HeAr_16', 'SiFl_9', 'TrNi_60', 'TrNi_62', 'VaTa_36', 'VoEm_252',
       'ZeCu_46'],
      dtype='object')"
6,"['23427104', '442405', '129775774', '12187779']","Index(['AeAe_105', 'AeAe_31', 'AeAe_69', 'AeAe_73', 'AeAe_93', 'AgPl_12',
       'AmTr_12', 'AmTr_13', 'AmTr_14', 'AmTr_40',
       ...
       'VaTa_40', 'VaTa_48', 'VoEm_134', 'VoEm_135', 'VoEm_192', 'VoEm_242',
       'VoEm_77', 'WaAu_166', 'WaAu_188', 'WaAu_251'],
      dtype='object', length=101)","Index(['AeAe_41', 'AeAe_44', 'AeAe_65', 'AnGa_14', 'AnGa_28', 'AnGa_35',
       'AnGa_58', 'AnGa_59', 'ApCe_63', 'ApFl_122', 'ApFl_77', 'CaFl_89',
       'CyCo_200', 'DrAr_43', 'DrBu_46', 'DrEl_41', 'DrFi_54', 'DrPe_42',
       'DrVi_11', 'DrVi_47', 'DrWi_56', 'DuNo_23', 'PaXu_28', 'PaXu_9',
       'TrNi_23', 'TrZe_120', 'VoEm_163'],
      dtype='object')","Index(['AeAe_18', 'AmTr_54', 'AnGa_11', 'AnGa_27', 'ApCe_44', 'ApCe_60',
       'ApFl_75', 'BaDo_38', 'BoTe_77', 'CaFl_166', 'CaFl_226', 'CaFl_324',
       'CoFl_93', 'CyCo_176', 'DiQu_161', 'DrBu_40', 'DrBu_44', 'DrEl_60',
       'HaLa_59', 'LiHu_138', 'LiHu_153', 'LiHu_219', 'PaXu_55', 'TrNi_55',
       'TrNi_56', 'TrSe_143', 'TrZe_153', 'VoEm_144', 'VoEm_196', 'VoEm_241',
       'VoEm_259', 'VoEm_345', 'WaAu_190'],
      dtype='object')","Index(['AeAe_62', 'AeAe_79', 'AeAe_83', 'AmTr_18', 'AmTr_23', 'AmTr_55',
       'AnGa_20', 'AnGa_37', 'ApCe_91', 'ApCe_94', 'ApFl_132', 'CaFl_293',
       'CeCa_33', 'CyCo_180', 'DrBi_49', 'DrBu_13', 'DrBu_21', 'DrEl_33',
       'DrEr_43', 'DrVi_55', 'DrYa_53', 'HaLa_43', 'HeAr_16', 'LiHu_95',
       'PaMa_10', 'PaXu_52', 'PoDo_98', 'RhMa_23', 'TrNi_26', 'WaAu_119',
       'WaAu_214'],
      dtype='object')"
7,"['23427104', '442405', '11530417', '12187779']","Index(['AeAe_105', 'AeAe_31', 'AeAe_69', 'AeAe_73', 'AeAe_93', 'AgPl_12',
       'AmTr_12', 'AmTr_13', 'AmTr_14', 'AmTr_35',
       ...
       'VaTa_48', 'VoEm_134', 'VoEm_135', 'VoEm_192', 'VoEm_242', 'VoEm_77',
       'VoEm_82', 'WaAu_166', 'WaAu_188', 'WaAu_251'],
      dtype='object', length=117)","Index(['AeAe_41', 'AeAe_44', 'AnGa_28', 'AnGa_58', 'AnGa_59', 'ApCe_63',
       'ApCe_66', 'ApFl_122', 'ApFl_77', 'ApMe_90', 'CaFl_263', 'CeSo_13',
       'CiLe_24', 'CyCo_200', 'DrBu_46', 'DrEl_41', 'DrFi_54', 'DrPe_42',
       'DrVi_11', 'DrVi_47', 'DrWi_56', 'LiHu_99', 'PaXu_28', 'PaXu_9',
       'TrNi_23', 'TrZe_120', 'VoEm_125', 'VoEm_163'],
      dtype='object')","Index(['AcEc_199', 'AeAe_33', 'AeAe_65', 'AeAe_70', 'AeAe_84', 'AgPl_11',
       'AmTr_16', 'AmTr_31', 'AnGa_21', 'AnGa_65', 'ApCe_44', 'ApCe_54',
       'ApFl_130', 'ApMe_54', 'BoTe_77', 'DrBi_39', 'DrBu_40', 'DrEl_60',
       'SiFl_9', 'TrNi_56', 'TrNi_60', 'TrNi_62', 'VaTa_36', 'VoEm_252',
       'ZeCu_46'],
      dtype='object')","Index(['AeAe_61', 'AeAe_62', 'AeAe_83', 'AmTr_18', 'AmTr_23', 'AmTr_42',
       'AnGa_20', 'AnGa_37', 'ApCe_91', 'ApFl_132', 'CaFl_293', 'CaFl_394',
       'CeCa_33', 'DrBi_49', 'DrBu_13', 'DrEl_33', 'DrEr_43', 'DrVi_55',
       'DrYa_53', 'HaLa_43', 'HeAr_29', 'LiHu_95', 'MoPh_105', 'OoBi_162',
       'PaMa_10', 'PaXu_52', 'PoDo_98', 'RhMa_23', 'TrNi_26', 'TrZe_131',
       'WaAu_119', 'WaAu_162', 'WaAu_214'],
      dtype='object')"
8,"['23427104', '23425034', '163882', '129775774']","Index(['AeAe_105', 'AeAe_31', 'AeAe_93', 'AmTr_12', 'AmTr_13', 'AmTr_40',
       'AmTr_52', 'AnGa_13', 'AnGa_33', 'ApCe_100', 'ApFl_113', 'ApMe_63',
       'AtCo_199', 'BoTe_59', 'BoTe_73', 'CaFl_172', 'CaFl_302', 'CaFl_308',
       'CeCa_58', 'CeSo_24', 'CoFl_104', 'CoFl_72', 'CyCo_148', 'CyCo_153',
       'DiQu_107', 'DiQu_206', 'DrAr_39', 'DrAr_48', 'DrAr_56', 'DrBu_10',
       'DrBu_17', 'DrBu_31', 'DrBu_45', 'DrEr_51', 'DrFi_20', 'DrFi_41',
       'DrGr_26', 'DrGr_27', 'DrGr_34', 'DrMo_52', 'DrPe_49', 'DrVi_18',
       'DrYa_49', 'HaSa_100', 'HaSa_115', 'HaSa_158', 'HaSa_173', 'HaSa_185',
       'HeAr_19', 'HeAr_23', 'HeAr_67', 'LiHu_110', 'LiHu_96', 'MeRo_92',
       'MoPh_103', 'MoPh_143', 'OoBi_95', 'PoDo_73', 'RhMa_26', 'RhMa_34',
       'SiFl_11', 'SiFl_16', 'TrCa_133', 'TrCa_137', 'TrCa_161', 'TrNi_59',
       'TrNi_60', 'VaTa_31', 'VaTa_34', 'VaTa_40', 'VaTa_48', 'VoEm_134',
       'VoEm_135', 'VoEm_242', 'VoEm_252', 'VoEm_77', 'WaAu_251'],
      dtype='object')","Index(['AmTr_16', 'AmTr_50', 'AmTr_55', 'AnGa_11', 'AnGa_58', 'CiLe_26',
       'CoFl_99', 'CyCo_104', 'CyCo_119', 'CyCo_200', 'DrBi_44', 'DrBi_49',
       'DrBu_13', 'DrBu_21', 'DrBu_43', 'DrEl_33', 'DrEr_24', 'DrPe_12',
       'DrVi_11', 'DrVi_44', 'DuNo_23', 'HaSa_110', 'HeAr_35', 'LiHu_95',
       'MeRo_105', 'MoPh_102', 'MoPh_181', 'OoBi_340', 'PaMa_10', 'PaXu_52',
       'PoDo_98', 'SiFl_9', 'TrCa_169', 'TrZe_131', 'TrZe_172', 'VaTa_25',
       'VaTa_36', 'VoEm_163', 'VoEm_187', 'WaAu_181', 'ZeCu_62'],
      dtype='object')","Index(['AcEc_199', 'AeAe_32', 'AeAe_37', 'AeAe_41', 'AeAe_61', 'AeAe_62',
       'AeAe_70', 'AeAe_79', 'AmTr_18', 'AmTr_23', 'AmTr_31', 'AnGa_12',
       'AnGa_24', 'AnGa_41', 'AnGa_45', 'AnGa_46', 'AnGa_48', 'AnGa_49',
       'AnGa_8', 'ApCe_119', 'ApCe_46', 'ApCe_47', 'ApCe_54', 'ApCe_63',
       'ApCe_74', 'ApCe_83', 'ApCe_94', 'ApFl_128', 'ApFl_130', 'ApFl_132',
       'ApFl_26', 'ApMe_54', 'CaFl_226', 'CaFl_303', 'CoFl_111', 'CoFl_66',
       'CyCo_181', 'DiQu_156', 'DrBu_33', 'DrEl_41', 'DrEl_49', 'HaLa_71',
       'HaSa_116', 'OoBi_311', 'PaPo_25', 'PaXu_9', 'RhMa_23', 'TrCa_162',
       'TrCa_201', 'VaTa_52', 'WaAu_119', 'WaAu_162', 'WaAu_166', 'WaAu_234',
       'WaAu_236'],
      dtype='object')","Index(['AeAe_18', 'AmTr_54', 'ApCe_60', 'ApFl_75', 'BaDo_38', 'BoTe_74',
       'BoTe_77', 'CaFl_166', 'CaFl_324', 'CoFl_93', 'CyCo_176', 'DiQu_161',
       'DrBu_40', 'DrBu_44', 'DrEl_60', 'DuNo_20', 'HaLa_59', 'MoPh_105',
       'OoBi_162', 'PaXu_55', 'TrCa_127', 'TrNi_55', 'TrNi_56', 'TrSe_143',
       'TrZe_153', 'VoEm_196', 'VoEm_241', 'VoEm_259', 'VoEm_345', 'WaAu_190'],
      dtype='object')"
9,"['23427104', '6434971', '23427263', '91748460']","Index(['AeAe_105', 'AeAe_31', 'AeAe_44', 'AeAe_58', 'AeAe_73', 'AeAe_93',
       'AgPl_10', 'AgPl_12', 'AmTr_12', 'AmTr_13',
       ...
       'VoEm_242', 'VoEm_77', 'VoEm_78', 'VoEm_82', 'WaAu_160', 'WaAu_163',
       'WaAu_166', 'WaAu_188', 'WaAu_251', 'ZeCu_74'],
      dtype='object', length=137)","Index(['AeAe_70', 'AnGa_21', 'ApMe_90', 'BoIm_108', 'CaFl_263', 'CaFl_303',
       'CiLe_24', 'DiQu_98', 'DrAr_51', 'DrBi_41', 'DrBu_68', 'DrEl_36',
       'DrEr_24', 'DrGr_60', 'DrGr_7', 'DrVi_13', 'HaSa_110', 'HaSa_116',
       'LiHu_195', 'MoPh_105', 'OoBi_176', 'OoBi_311', 'PaMa_10', 'TrNi_56',
       'VaTa_29', 'VoEm_144', 'VoEm_243'],
      dtype='object')","Index(['AeAe_33', 'AeAe_41', 'AeAe_62', 'AeAe_83', 'AmTr_17', 'AmTr_18',
       'AnGa_20', 'AnGa_32', 'AnGa_45', 'ApCe_44', 'ApCe_91', 'BoIm_51',
       'CaFl_301', 'CeCa_33', 'CyCo_104', 'CyCo_180', 'DiQu_109', 'DrBu_40',
       'HaSa_157', 'HaSa_179', 'HeAr_16', 'TrCa_127', 'TrCa_138', 'TrNi_55',
       'TrNi_60', 'TrSe_143', 'VoEm_252', 'VoEm_259', 'WaAu_190', 'ZeCu_46',
       'ZeCu_52'],
      dtype='object')","Index(['AcEc_159', 'AeAe_32', 'AeAe_84', 'AnGa_14', 'AnGa_37', 'AnGa_58',
       'CaFl_89', 'DrAr_43', 'DrBi_23', 'DrBu_46', 'DrEl_41', 'DrMo_47',
       'DrPe_42', 'DrVi_11', 'DrVi_49', 'DrWi_55', 'DrWi_56', 'HaSa_238',
       'MeRo_105', 'MoPh_181', 'PaMa_30', 'RhMa_31', 'RhMa_32', 'SiFl_7',
       'TrNi_23', 'TrNi_62', 'TrZe_172', 'VaTa_36', 'VaTa_50', 'WaAu_234'],
      dtype='object')"
10,"['23427104', '23427263', '129775774', '10608682']","Index(['AeAe_105', 'AeAe_31', 'AeAe_44', 'AeAe_58', 'AeAe_69', 'AeAe_73',
       'AeAe_93', 'AgPl_10', 'AgPl_12', 'AmTr_12',
       ...
       'VoEm_135', 'VoEm_192', 'VoEm_195', 'VoEm_242', 'VoEm_77', 'WaAu_160',
       'WaAu_166', 'WaAu_188', 'WaAu_251', 'ZeCu_74'],
      dtype='object', length=121)","Index(['AeAe_33', 'AeAe_62', 'AeAe_83', 'AmTr_18', 'AmTr_23', 'AmTr_31',
       'AnGa_20', 'AnGa_32', 'AnGa_35', 'AnGa_43', 'ApCe_91', 'BoIm_51',
       'BoTe_75', 'CeCa_33', 'CyCo_180', 'DiQu_109', 'DrBi_49', 'DuNo_23',
       'HaSa_157', 'HeAr_16', 'SiFl_9', 'TrCa_138', 'TrCa_201', 'TrNi_60',
       'TrZe_130', 'VoEm_252', 'WaAu_214', 'ZeCu_52'],
      dtype='object')","Index(['AcEc_159', 'AeAe_18', 'AeAe_32', 'AeAe_37', 'AeAe_61', 'AmTr_42',
       'AmTr_54', 'AnGa_11', 'AnGa_27', 'AnGa_47', 'AnGa_48', 'AnGa_49',
       'AnGa_59', 'ApCe_60', 'ApCe_66', 'ApFl_26', 'ApFl_75', 'ApMe_90',
       'BaDo_38', 'BoTe_77', 'CaFl_166', 'CaFl_226', 'CaFl_263', 'CaFl_303',
       'CaFl_324', 'CaFl_394', 'CiLe_24', 'CoFl_93', 'CyCo_151', 'CyCo_176',
       'DiQu_156', 'DiQu_161', 'DrAr_51', 'DrBi_41', 'DrEl_60', 'DrGr_60',
       'DrGr_7', 'DrWi_55', 'DrWi_56', 'DuNo_20', 'HaLa_59', 'HaLa_71',
       'HeAr_29', 'HeAr_35', 'LiHu_138', 'LiHu_153', 'LiHu_99', 'MoPh_105',
       'OoBi_162', 'OoBi_176', 'OoBi_311', 'PaXu_55', 'TrCa_162', 'TrNi_56',
       'TrZe_153', 'VoEm_144', 'VoEm_187', 'VoEm_196', 'VoEm_241', 'VoEm_243',
       'VoEm_345', 'WaAu_162'],
      dtype='object')","Index(['AeAe_70', 'AmTr_16', 'AnGa_14', 'AnGa_37', 'AnGa_46', 'ApFl_122',
       'ApFl_132', 'BoTe_130', 'CyCo_200', 'DrBi_23', 'DrBi_39', 'DrEl_41',
       'DrEr_24', 'DrFi_54', 'DrMo_47', 'DrPe_12', 'DrPe_42', 'DrVi_13',
       'DrVi_44', 'DrVi_47', 'HaSa_110', 'HaSa_122', 'HaSa_200', 'LiHu_95',
       'PaMa_30', 'PaXu_18', 'SiFl_7', 'TrNi_23', 'TrNi_46', 'TrZe_120',
       'VaTa_50', 'VoEm_165'],
      dtype='object')"
11,"['23427104', '21592256', '129775774', '12187779']","Index(['AeAe_105', 'AeAe_31', 'AeAe_69', 'AeAe_73', 'AeAe_93', 'AeAe_98',
       'AgPl_12', 'AmTr_12', 'AmTr_14', 'AmTr_32', 'AmTr_51', 'AnGa_13',
       'AnGa_18', 'AnGa_33', 'AnGa_44', 'AnGa_64', 'ApCe_100', 'ApCe_45',
       'ApCe_73', 'ApCe_74', 'ApFl_113', 'ApMe_124', 'ApMe_63', 'AtCo_164',
       'BaDo_30', 'BoTe_59', 'BoTe_73', 'CaFl_154', 'CaFl_172', 'CaFl_302',
       'CaFl_308', 'CaFl_405', 'CaFl_408', 'CeCa_58', 'CeSo_24', 'CoFl_104',
       'CoFl_72', 'CyCo_148', 'CyCo_149', 'CyCo_153', 'DiQu_206', 'DrAr_39',
       'DrAr_48', 'DrAr_56', 'DrBu_17', 'DrBu_45', 'DrBu_55', 'DrEr_46',
       'DrEr_51', 'DrFi_20', 'DrFi_41', 'DrFi_6', 'DrGr_26', 'DrGr_27',
       'DrGr_34', 'DrMo_52', 'DrPe_49', 'DrYa_49', 'HaSa_115', 'HaSa_158',
       'HaSa_173', 'HaSa_185', 'HeAr_19', 'HeAr_23', 'HeAr_67', 'LiHu_110',
       'LiHu_96', 'MeRo_92', 'MoPh_103', 'MoPh_143', 'MoPh_174', 'MoPh_178',
       'OoBi_95', 'RhMa_24', 'RhMa_26', 'SiFl_16', 'TrCa_133', 'TrCa_137',
       'TrCa_161', 'TrSe_153', 'TrSe_186', 'TrZe_122', 'VaTa_31', 'VaTa_33',
       'VaTa_34', 'VaTa_40', 'VaTa_48', 'VoEm_134', 'VoEm_135', 'VoEm_242',
       'VoEm_77', 'WaAu_160', 'WaAu_166', 'WaAu_188', 'WaAu_251'],
      dtype='object')","Index(['AcEc_119', 'AeAe_37', 'AeAe_41', 'AeAe_65', 'AeAe_84', 'AgPl_11',
       'AmTr_16', 'AmTr_23', 'AmTr_31', 'AnGa_14', 'AnGa_35', 'AnGa_46',
       'AnGa_58', 'ApCe_54', 'ApCe_83', 'ApFl_122', 'ApMe_54', 'CaFl_89',
       'CyCo_180', 'CyCo_199', 'DrFi_54', 'DrMo_47', 'LiHu_195', 'SiFl_9',
       'TrNi_56', 'TrNi_60', 'TrNi_62', 'TrZe_130', 'VaTa_29', 'VoEm_252'],
      dtype='object')","Index(['AeAe_18', 'AmTr_54', 'AnGa_11', 'ApCe_60', 'ApCe_66', 'ApFl_75',
       'BaDo_38', 'BoTe_74', 'BoTe_77', 'CaFl_166', 'CaFl_263', 'CaFl_324',
       'CeSo_13', 'CiLe_24', 'CoFl_93', 'CyCo_176', 'DiQu_161', 'DrGr_7',
       'DrWi_55', 'DrWi_56', 'HaLa_59', 'LiHu_138', 'LiHu_153', 'LiHu_219',
       'LiHu_99', 'OoBi_311', 'PaXu_55', 'TrNi_55', 'TrSe_143', 'TrZe_153',
       'VoEm_125', 'VoEm_144', 'VoEm_196', 'VoEm_241', 'VoEm_345'],
      dtype='object')","Index(['AeAe_44', 'AmTr_18', 'AnGa_37', 'ApCe_94', 'ApMe_77', 'BoIm_108',
       'BoIm_51', 'CaFl_293', 'CeCa_33', 'DrBi_49', 'DrBu_13', 'DrEl_33',
       'DrEr_43', 'DrFi_57', 'DrPe_12', 'DrVi_11', 'DrVi_13', 'DrYa_53',
       'HaLa_43', 'HaSa_110', 'HaSa_122', 'HeAr_34', 'LiHu_95', 'MeRo_105',
       'PaMa_10', 'PaPo_25', 'PaXu_28', 'PaXu_52', 'PaXu_9', 'PoDo_98',
       'RhMa_23', 'TrCa_151', 'TrNi_26', 'TrNi_46', 'TrZe_172', 'WaAu_119'],
      dtype='object')"
12,"['23427104', '21592256', '129775774', '91748460']","Index(['AeAe_105', 'AeAe_31', 'AeAe_69', 'AeAe_73', 'AeAe_93', 'AeAe_98',
       'AgPl_10', 'AgPl_12', 'AmTr_12', 'AmTr_14',
       ...
       'VoEm_134', 'VoEm_135', 'VoEm_195', 'VoEm_242', 'VoEm_77', 'WaAu_160',
       'WaAu_166', 'WaAu_188', 'WaAu_251', 'ZeCu_74'],
      dtype='object', length=111)","Index(['AcEc_119', 'AeAe_37', 'AeAe_41', 'AeAe_62', 'AeAe_65', 'AeAe_79',
       'AgPl_11', 'AmTr_23', 'AmTr_31', 'AmTr_37', 'AnGa_14', 'AnGa_20',
       'AnGa_46', 'ApCe_54', 'ApCe_83', 'ApCe_91', 'ApFl_122', 'ApFl_132',
       'ApMe_54', 'CyCo_104', 'CyCo_180', 'CyCo_199', 'DrEr_24', 'DrFi_54',
       'DrVi_44', 'DrVi_55', 'HaSa_200', 'HeAr_16', 'LiHu_195', 'SiFl_9',
       'TrNi_56', 'TrNi_60', 'TrZe_130', 'VaTa_29', 'VoEm_252'],
      dtype='object')","Index(['AeAe_18', 'AeAe_61', 'AmTr_54', 'AnGa_11', 'AnGa_47', 'ApCe_60',
       'ApCe_66', 'ApFl_75', 'BaDo_38', 'BoTe_74', 'BoTe_77', 'CaFl_166',
       'CaFl_263', 'CaFl_301', 'CaFl_324', 'CaFl_394', 'CeSo_13', 'CiLe_24',
       'CoFl_93', 'CyCo_151', 'CyCo_176', 'CyCo_177', 'DiQu_156', 'DiQu_161',
       'DrBi_9', 'DrGr_7', 'DuNo_20', 'HaLa_59', 'HeAr_29', 'LiHu_138',
       'LiHu_153', 'LiHu_219', 'LiHu_99', 'MoPh_105', 'OoBi_162', 'OoBi_311',
       'PaXu_55', 'TrCa_127', 'TrNi_55', 'TrSe_143', 'TrZe_153', 'VoEm_125',
       'VoEm_144', 'VoEm_196', 'VoEm_241', 'VoEm_345', 'WaAu_162'],
      dtype='object')","Index(['AnGa_37', 'AnGa_43', 'BoIm_51', 'BoTe_75', 'CaFl_89', 'DrBu_46',
       'DrEl_41', 'DrPe_42', 'DrVi_11', 'DrVi_49', 'DuNo_23', 'HaSa_238',
       'LiHu_95', 'MeRo_105', 'MoPh_181', 'PaXu_28', 'PaXu_9', 'RhMa_32',
       'SiFl_7', 'TrNi_23', 'TrNi_62', 'TrZe_120', 'TrZe_172', 'VaTa_50',
       'WaAu_234'],
      dtype='object')"
13,"['23427104', '21592256', '12187779', '340066']","Index(['AeAe_105', 'AeAe_31', 'AeAe_69', 'AeAe_73', 'AeAe_93', 'AgPl_12',
       'AmTr_12', 'AmTr_14', 'AmTr_32', 'AmTr_35', 'AmTr_51', 'AnGa_13',
       'AnGa_18', 'AnGa_33', 'AnGa_44', 'AnGa_64', 'ApCe_100', 'ApCe_48',
       'ApFl_113', 'ApFl_127', 'ApFl_83', 'ApMe_63', 'AtCo_164', 'BaDo_30',
       'BoTe_59', 'BoTe_73', 'CaFl_172', 'CaFl_302', 'CaFl_308', 'CaFl_405',
       'CaFl_408', 'CeCa_58', 'CeSo_24', 'CoFl_104', 'CoFl_72', 'CyCo_148',
       'CyCo_149', 'CyCo_153', 'DiQu_109', 'DiQu_206', 'DrAr_39', 'DrAr_48',
       'DrAr_56', 'DrBu_17', 'DrBu_45', 'DrBu_55', 'DrBu_66', 'DrEr_46',
       'DrEr_51', 'DrFi_20', 'DrFi_41', 'DrFi_6', 'DrGr_26', 'DrGr_27',
       'DrGr_34', 'DrMo_52', 'DrPe_49', 'DrVi_21', 'DrYa_49', 'HaSa_115',
       'HaSa_158', 'HaSa_173', 'HaSa_185', 'HaSa_226', 'HeAr_19', 'HeAr_23',
       'HeAr_66', 'LiHu_110', 'LiHu_96', 'MeRo_92', 'MoPh_103', 'MoPh_143',
       'MoPh_178', 'OoBi_159', 'OoBi_95', 'PoDo_63', 'RhMa_26', 'SiFl_16',
       'TrCa_133', 'TrCa_137', 'TrCa_161', 'TrSe_153', 'TrSe_154', 'VaTa_31',
       'VaTa_34', 'VaTa_40', 'VaTa_48', 'VoEm_134', 'VoEm_135', 'VoEm_242',
       'VoEm_77', 'VoEm_82', 'WaAu_166', 'WaAu_188', 'WaAu_251'],
      dtype='object')","Index(['AcEc_119', 'AeAe_37', 'AeAe_65', 'AeAe_84', 'AgPl_11', 'AmTr_23',
       'AmTr_31', 'AnGa_14', 'AnGa_27', 'AnGa_35', 'AnGa_46', 'ApCe_54',
       'ApCe_83', 'ApFl_122', 'ApMe_54', 'CyCo_180', 'CyCo_199', 'DrFi_54',
       'DrMo_47', 'LiHu_195', 'SiFl_9', 'TrNi_56', 'TrNi_60', 'TrNi_62',
       'TrZe_130', 'VaTa_29', 'VoEm_252', 'VoEm_259'],
      dtype='object')","Index(['AnGa_37', 'ApCe_94', 'ApMe_77', 'BoIm_108', 'BoIm_51', 'CaFl_394',
       'CeCa_33', 'DrBu_13', 'DrEr_43', 'DrPe_12', 'DrVi_13', 'DrYa_53',
       'HaLa_43', 'HaSa_122', 'HeAr_34', 'MeRo_105', 'MoPh_105', 'OoBi_162',
       'PaMa_10', 'PaXu_28', 'PaXu_52', 'PoDo_98', 'RhMa_23', 'TrNi_26',
       'TrNi_46', 'WaAu_119'],
      dtype='object')","Index(['AcEc_159', 'AcEc_199', 'AmTr_17', 'AnGa_21', 'ApCe_66', 'ApCe_75',
       'ApFl_77', 'ApMe_124', 'BaDo_38', 'BoTe_130', 'BoTe_77', 'CaFl_263',
       'CeSo_13', 'CiLe_24', 'CiLe_26', 'CoFl_111', 'DiQu_211', 'DrBu_33',
       'DrEl_36', 'DrFi_35', 'DrGr_7', 'DrWi_55', 'DrWi_56', 'DuNo_23',
       'HaSa_110', 'HaSa_116', 'HaSa_155', 'HaSa_157', 'HaSa_238', 'HeAr_27',
       'LiHu_138', 'LiHu_153', 'LiHu_99', 'MoPh_181', 'OoBi_311', 'TrCa_169',
       'TrNi_55', 'VaTa_52', 'VoEm_125', 'VoEm_144', 'VoEm_186', 'VoEm_187'],
      dtype='object')"
14,"['23427104', '129775774', '11530417', '12187779']","Index(['AeAe_105', 'AeAe_31', 'AeAe_69', 'AeAe_73', 'AeAe_93', 'AgPl_12',
       'AmTr_12', 'AmTr_13', 'AmTr_14', 'AmTr_32', 'AmTr_40', 'AmTr_51',
       'AmTr_52', 'AnGa_13', 'AnGa_18', 'AnGa_33', 'AnGa_44', 'AnGa_64',
       'ApCe_100', 'ApCe_45', 'ApCe_73', 'ApCe_74', 'ApFl_113', 'ApFl_128',
       'ApMe_63', 'AtCo_164', 'AtCo_199', 'BaDo_30', 'BoTe_59', 'BoTe_73',
       'CaFl_154', 'CaFl_172', 'CaFl_302', 'CaFl_308', 'CaFl_405', 'CaFl_408',
       'CeCa_58', 'CeSo_24', 'CeSo_33', 'CoFl_104', 'CoFl_72', 'CyCo_148',
       'CyCo_149', 'CyCo_153', 'DiQu_206', 'DrAr_39', 'DrAr_41', 'DrAr_48',
       'DrAr_56', 'DrBu_17', 'DrBu_31', 'DrBu_45', 'DrEr_46', 'DrEr_51',
       'DrFi_41', 'DrFi_6', 'DrGr_26', 'DrGr_27', 'DrGr_34', 'DrMo_52',
       'DrPe_49', 'DrVi_18', 'DrYa_49', 'HaSa_158', 'HaSa_173', 'HaSa_185',
       'HeAr_19', 'HeAr_23', 'HeAr_67', 'LiHu_110', 'LiHu_96', 'MoPh_103',
       'MoPh_143', 'MoPh_174', 'MoPh_178', 'OoBi_95', 'RhMa_24', 'RhMa_26',
       'SiFl_11', 'SiFl_16', 'TrCa_133', 'TrCa_137', 'TrCa_161', 'TrNi_59',
       'TrSe_153', 'TrZe_122', 'VaTa_31', 'VaTa_33', 'VaTa_34', 'VaTa_40',
       'VaTa_48', 'VoEm_134', 'VoEm_135', 'VoEm_192', 'VoEm_242', 'VoEm_77',
       'WaAu_160', 'WaAu_166', 'WaAu_188', 'WaAu_251'],
      dtype='object')","Index(['AeAe_18', 'AmTr_54', 'AnGa_11', 'AnGa_27', 'ApCe_60', 'ApCe_66',
       'ApFl_75', 'ApMe_90', 'BaDo_38', 'CaFl_166', 'CaFl_226', 'CaFl_263',
       'CaFl_324', 'CeSo_13', 'CiLe_24', 'CoFl_93', 'CyCo_176', 'DiQu_161',
       'DrBu_44', 'HaLa_59', 'LiHu_138', 'LiHu_153', 'LiHu_219', 'LiHu_99',
       'PaXu_55', 'TrNi_55', 'TrSe_143', 'TrZe_153', 'VoEm_125', 'VoEm_144',
       'VoEm_196', 'VoEm_241', 'VoEm_259', 'VoEm_345', 'WaAu_190'],
      dtype='object')","Index(['AcEc_199', 'AeAe_33', 'AeAe_65', 'AeAe_70', 'AeAe_84', 'AgPl_11',
       'AmTr_16', 'AmTr_31', 'AnGa_14', 'AnGa_21', 'AnGa_35', 'AnGa_65',
       'ApCe_54', 'ApFl_130', 'ApMe_54', 'CaFl_89', 'DrAr_43', 'DrBi_39',
       'DuNo_23', 'SiFl_9', 'TrNi_60', 'TrNi_62', 'VaTa_36', 'VoEm_252',
       'ZeCu_46'],
      dtype='object')","Index(['AeAe_44', 'AeAe_62', 'AeAe_83', 'AmTr_18', 'AmTr_23', 'AmTr_37',
       'AnGa_20', 'AnGa_37', 'ApCe_83', 'ApCe_91', 'ApFl_132', 'ApMe_77',
       'CaFl_293', 'CeCa_33', 'CyCo_104', 'DrBi_49', 'DrBu_13', 'DrEl_33',
       'DrEr_24', 'DrEr_43', 'DrMo_47', 'DrPe_12', 'DrPe_42', 'DrVi_13',
       'DrVi_44', 'DrVi_55', 'DrYa_53', 'HaLa_43', 'HaSa_110', 'HaSa_122',
       'HeAr_34', 'LiHu_95', 'MeRo_105', 'PaMa_10', 'PaXu_18', 'PaXu_52',
       'PoDo_98', 'RhMa_23', 'TrCa_151', 'TrNi_26', 'TrZe_130', 'WaAu_119',
       'WaAu_214'],
      dtype='object')"
15,"['23427104', '129775774', '11530417', '10608682']","Index(['AeAe_105', 'AeAe_31', 'AeAe_44', 'AeAe_69', 'AeAe_73', 'AeAe_93',
       'AgPl_10', 'AgPl_12', 'AmTr_12', 'AmTr_13',
       ...
       'VoEm_134', 'VoEm_135', 'VoEm_192', 'VoEm_242', 'VoEm_77', 'WaAu_160',
       'WaAu_166', 'WaAu_188', 'WaAu_251', 'ZeCu_74'],
      dtype='object', length=116)","Index(['AeAe_18', 'AeAe_61', 'AmTr_42', 'AmTr_54', 'AnGa_11', 'AnGa_27',
       'ApCe_60', 'ApCe_66', 'ApFl_75', 'ApMe_90', 'BaDo_38', 'CaFl_166',
       'CaFl_226', 'CaFl_263', 'CaFl_324', 'CaFl_394', 'CeSo_13', 'CiLe_24',
       'CoFl_93', 'CyCo_119', 'CyCo_151', 'CyCo_176', 'DiQu_161', 'DrBu_44',
       'DuNo_20', 'HaLa_59', 'HeAr_29', 'HeAr_35', 'LiHu_138', 'LiHu_153',
       'LiHu_219', 'LiHu_99', 'MoPh_105', 'OoBi_162', 'PaXu_55', 'TrNi_55',
       'TrSe_143', 'TrZe_131', 'TrZe_153', 'VoEm_125', 'VoEm_144', 'VoEm_196',
       'VoEm_241', 'VoEm_259', 'VoEm_345', 'WaAu_162', 'WaAu_190'],
      dtype='object')","Index(['AcEc_199', 'AeAe_33', 'AeAe_65', 'AeAe_79', 'AeAe_84', 'AgPl_11',
       'AmTr_31', 'AnGa_21', 'AnGa_35', 'AnGa_65', 'ApCe_54', 'ApCe_94',
       'ApFl_130', 'ApMe_54', 'BoIm_108', 'CaFl_89', 'CyCo_164', 'CyCo_180',
       'DrAr_43', 'DrFi_57', 'DrVi_11', 'DuNo_23', 'HeAr_16', 'PaPo_25',
       'RhMa_31', 'SiFl_9', 'TrCa_201', 'TrNi_60', 'TrZe_172', 'VaTa_36',
       'VoEm_252', 'ZeCu_46', 'ZeCu_52'],
      dtype='object')","Index(['AeAe_41', 'AmTr_37', 'AnGa_46', 'ApCe_83', 'ApFl_122', 'ApFl_132',
       'BoTe_130', 'CyCo_104', 'CyCo_200', 'DrEl_41', 'DrEr_24', 'DrEr_43',
       'DrMo_47', 'DrPe_12', 'DrPe_42', 'DrVi_13', 'DrVi_44', 'DrVi_47',
       'HaSa_110', 'HaSa_122', 'LiHu_95', 'PaXu_18', 'SiFl_7', 'TrNi_23',
       'TrZe_120', 'VaTa_50'],
      dtype='object')"
16,"['23427104', '129775774', '11530417', '91748460']","Index(['AeAe_105', 'AeAe_31', 'AeAe_44', 'AeAe_69', 'AeAe_73', 'AeAe_93',
       'AgPl_10', 'AgPl_12', 'AmTr_12', 'AmTr_13',
       ...
       'VoEm_134', 'VoEm_135', 'VoEm_192', 'VoEm_242', 'VoEm_77', 'WaAu_160',
       'WaAu_166', 'WaAu_188', 'WaAu_251', 'ZeCu_74'],
      dtype='object', length=118)","Index(['AeAe_18', 'AeAe_61', 'AmTr_54', 'AnGa_11', 'AnGa_27', 'AnGa_45',
       'ApCe_60', 'ApCe_66', 'ApFl_75', 'ApMe_90', 'BaDo_38', 'CaFl_166',
       'CaFl_226', 'CaFl_263', 'CaFl_324', 'CaFl_394', 'CeSo_13', 'CiLe_24',
       'CoFl_93', 'CyCo_119', 'CyCo_151', 'CyCo_176', 'DiQu_161', 'DiQu_98',
       'DrBu_44', 'DuNo_20', 'HaLa_59', 'HeAr_29', 'LiHu_138', 'LiHu_153',
       'LiHu_219', 'LiHu_99', 'MoPh_105', 'OoBi_162', 'PaXu_55', 'TrNi_55',
       'TrSe_143', 'TrZe_131', 'TrZe_153', 'VoEm_125', 'VoEm_144', 'VoEm_196',
       'VoEm_241', 'VoEm_259', 'VoEm_345', 'WaAu_162', 'WaAu_190'],
      dtype='object')","Index(['AcEc_199', 'AeAe_33', 'AeAe_65', 'AeAe_70', 'AeAe_79', 'AgPl_11',
       'AmTr_31', 'AnGa_21', 'AnGa_65', 'ApCe_54', 'ApCe_94', 'ApFl_130',
       'ApMe_54', 'BoIm_108', 'CyCo_180', 'DrBi_39', 'DrFi_57', 'HaSa_200',
       'HeAr_16', 'PaPo_25', 'SiFl_9', 'TrNi_46', 'TrNi_60', 'VaTa_36',
       'VoEm_252', 'ZeCu_46'],
      dtype='object')","Index(['AmTr_23', 'AnGa_43', 'AnGa_58', 'ApCe_83', 'BoTe_75', 'CaFl_89',
       'DrBu_46', 'DrEl_41', 'DrMo_47', 'DrPe_42', 'DrVi_49', 'HaSa_238',
       'LiHu_95', 'MeRo_105', 'MoPh_181', 'PaXu_18', 'RhMa_32', 'SiFl_7',
       'TrNi_23', 'TrNi_62', 'TrZe_120', 'TrZe_130', 'VaTa_50', 'WaAu_214',
       'WaAu_234'],
      dtype='object')"
17,"['23427104', '129775774', '12187779', '91748460']","Index(['AeAe_105', 'AeAe_31', 'AeAe_33', 'AeAe_69', 'AeAe_73', 'AeAe_93',
       'AeAe_98', 'AgPl_12', 'AmTr_12', 'AmTr_13',
       ...
       'VaTa_48', 'VoEm_134', 'VoEm_135', 'VoEm_192', 'VoEm_242', 'VoEm_77',
       'WaAu_160', 'WaAu_166', 'WaAu_188', 'WaAu_251'],
      dtype='object', length=109)","Index(['AeAe_18', 'AmTr_54', 'AnGa_11', 'AnGa_27', 'ApCe_44', 'ApCe_60',
       'ApCe_66', 'ApFl_75', 'ApMe_90', 'BaDo_38', 'BoTe_74', 'BoTe_77',
       'CaFl_166', 'CaFl_226', 'CaFl_263', 'CaFl_324', 'CeSo_13', 'CiLe_24',
       'CoFl_93', 'CyCo_176', 'DiQu_161', 'DrBi_41', 'DrBu_40', 'DrBu_44',
       'DrEl_60', 'DrGr_7', 'HaLa_59', 'LiHu_138', 'LiHu_153', 'LiHu_219',
       'LiHu_99', 'OoBi_311', 'PaXu_55', 'TrNi_55', 'TrNi_56', 'TrSe_143',
       'TrZe_153', 'VoEm_125', 'VoEm_144', 'VoEm_196', 'VoEm_241', 'VoEm_259',
       'VoEm_345', 'WaAu_190', 'ZeCu_46'],
      dtype='object')","Index(['AeAe_44', 'AeAe_62', 'AeAe_79', 'AeAe_83', 'AmTr_18', 'AmTr_37',
       'AmTr_55', 'AnGa_20', 'AnGa_37', 'ApCe_91', 'ApCe_94', 'ApFl_132',
       'ApMe_77', 'BoIm_108', 'CaFl_293', 'CeCa_33', 'CyCo_104', 'CyCo_180',
       'DrBi_49', 'DrBu_13', 'DrEl_33', 'DrEr_24', 'DrFi_57', 'DrPe_12',
       'DrVi_13', 'DrVi_44', 'DrVi_55', 'DrYa_53', 'HaLa_43', 'HaSa_110',
       'HaSa_122', 'HaSa_200', 'HeAr_16', 'HeAr_34', 'PaMa_10', 'PaPo_25',
       'PaXu_52', 'PoDo_98', 'RhMa_23', 'SiFl_9', 'TrCa_151', 'TrNi_26',
       'TrNi_46', 'WaAu_119'],
      dtype='object')","Index(['AeAe_65', 'AeAe_84', 'AmTr_16', 'AnGa_14', 'AnGa_35', 'AnGa_43',
       'AnGa_58', 'BoTe_75', 'CaFl_89', 'DrAr_43', 'DrBu_46', 'DrEl_41',
       'DrMo_47', 'DrPe_42', 'DrVi_49', 'DuNo_23', 'HaSa_238', 'MoPh_181',
       'RhMa_32', 'SiFl_7', 'TrNi_23', 'TrNi_62', 'TrZe_120', 'VaTa_50',
       'VoEm_165', 'WaAu_234'],
      dtype='object')"
18,"['442405', '6434971', '23427263', '21592256']","Index(['AeAe_44', 'AmTr_32', 'AnGa_24', 'AnGa_28', 'AnGa_37', 'AnGa_47',
       'AnGa_59', 'ApCe_63', 'ApCe_66', 'ApFl_77', 'ApMe_77', 'AtCo_160',
       'CaFl_154', 'CaFl_369', 'CyCo_151', 'CyCo_200', 'DiQu_130', 'DiQu_156',
       'DrAr_27', 'DrBu_46', 'DrEl_41', 'DrFi_57', 'DrPe_12', 'DrPe_42',
       'DrVi_11', 'DrVi_13', 'DrVi_47', 'DrWi_55', 'DrWi_56', 'DuNo_20',
       'HaSa_122', 'HeAr_34', 'LiHu_99', 'MeRo_105', 'MiDe_171', 'OoBi_209',
       'PaPo_25', 'PaXu_28', 'PaXu_9', 'RhMa_32', 'TrCa_142', 'TrCa_151',
       'TrNi_23', 'TrNi_46', 'TrZe_172', 'VoEm_163', 'VoEm_78', 'WaAu_160',
       'ZeCu_74'],
      dtype='object')","Index(['AeAe_69', 'AeAe_70', 'AmTr_14', 'AnGa_21', 'AnGa_44', 'ApCe_74',
       'ApFl_125', 'ApMe_76', 'AtCo_112', 'CaFl_248', 'CoFl_72', 'CyCo_148',
       'DiQu_110', 'DrBu_17', 'DrBu_33', 'DrBu_55', 'DrBu_68', 'DrEl_36',
       'DrEr_46', 'DrYa_49', 'HaSa_108', 'HaSa_116', 'HaSa_216', 'HeAr_66',
       'LiHu_110', 'LiHu_95', 'LiHu_96', 'MoPh_103', 'MoPh_105', 'OoBi_95',
       'PaMa_10', 'RhMa_24', 'RhMa_26', 'RhMa_29', 'VaTa_34', 'VoEm_134',
       'VoEm_144', 'VoEm_195', 'VoEm_214', 'VoEm_327', 'WaAu_236', 'WaAu_251'],
      dtype='object')","Index(['AeAe_33', 'AmTr_18', 'AnGa_18', 'AnGa_32', 'AnGa_43', 'ApCe_47',
       'BoIm_51', 'CeCa_33', 'DiQu_109', 'DrAr_48', 'DrGr_26', 'HaSa_125',
       'HaSa_157', 'HaSa_226', 'HyKa_25', 'LiHu_212', 'OoBi_220', 'PoDo_63',
       'TrCa_127', 'TrCa_133', 'TrCa_138', 'TrCa_161', 'TrNi_55', 'TrSe_143',
       'VoEm_77', 'ZeCu_52'],
      dtype='object')","Index(['AcEc_119', 'AeAe_105', 'AeAe_37', 'AeAe_58', 'AeAe_65', 'AeAe_73',
       'AeAe_79', 'AeAe_84', 'AgPl_11', 'AmTr_13', 'AmTr_23', 'AmTr_31',
       'AmTr_40', 'AmTr_52', 'AnGa_14', 'AnGa_16', 'AnGa_27', 'AnGa_33',
       'AnGa_46', 'AnGa_48', 'AnGa_53', 'AnGa_64', 'ApCe_54', 'ApCe_83',
       'ApFl_128', 'ApFl_132', 'ApMe_54', 'BoTe_120', 'CaFl_226', 'CaFl_308',
       'CyCo_176', 'CyCo_180', 'CyCo_199', 'DrAr_39', 'DrBu_31', 'DrEl_60',
       'DrMo_42', 'DrMo_47', 'DrVi_18', 'DrVi_55', 'HaLa_71', 'HaSa_161',
       'MoPh_100', 'OoBi_162', 'PaXu_55', 'SiFl_11', 'SiFl_9', 'TrNi_59',
       'TrZe_130', 'VaTa_40', 'VoEm_192'],
      dtype='object')"
19,"['442405', '6434971', '23427263', '129775774']","Index(['AeAe_44', 'AmTr_32', 'AnGa_14', 'AnGa_24', 'AnGa_28', 'AnGa_37',
       'AnGa_58', 'AnGa_59', 'ApCe_63', 'ApFl_122', 'ApFl_77', 'ApMe_77',
       'CaFl_154', 'CaFl_159', 'CaFl_89', 'CyCo_200', 'DrAr_43', 'DrBi_23',
       'DrBu_46', 'DrEl_41', 'DrFi_54', 'DrFi_57', 'DrPe_12', 'DrPe_42',
       'DrVi_11', 'DrVi_13', 'DrVi_44', 'DrVi_47', 'DrWi_56', 'HaSa_122',
       'HaSa_200', 'HeAr_34', 'MeRo_105', 'MiDe_171', 'OoBi_209', 'PaMa_30',
       'PaPo_25', 'PaXu_28', 'PaXu_9', 'RhMa_31', 'RhMa_32', 'TrCa_142',
       'TrCa_151', 'TrNi_23', 'TrNi_46', 'TrSe_114', 'TrZe_172', 'VaTa_36',
       'VoEm_163', 'WaAu_160', 'ZeCu_74'],
      dtype='object')","Index(['AeAe_69', 'AeAe_70', 'AmTr_14', 'AmTr_16', 'AnGa_21', 'AnGa_44',
       'ApCe_100', 'ApCe_74', 'ApFl_113', 'ApFl_125', 'ApMe_63', 'AtCo_199',
       'CeSo_33', 'CyCo_148', 'DrBu_17', 'DrBu_55', 'DrBu_68', 'DrEl_36',
       'DrEl_49', 'DrEr_46', 'HaSa_116', 'HaSa_214', 'LiHu_195', 'LiHu_95',
       'LiHu_96', 'OoBi_95', 'PaMa_10', 'RhMa_24', 'RhMa_26', 'RhMa_29',
       'TrNi_56', 'VaTa_29', 'VaTa_34', 'VoEm_165', 'VoEm_195'],
      dtype='object')","Index(['AeAe_33', 'AeAe_62', 'AeAe_83', 'AmTr_18', 'AmTr_23', 'AnGa_18',
       'AnGa_20', 'AnGa_32', 'AnGa_43', 'AnGa_65', 'AnGa_66', 'ApCe_91',
       'BoIm_51', 'CeCa_33', 'CyCo_180', 'DiQu_109', 'DrAr_41', 'DrAr_48',
       'DrBu_10', 'DrBu_21', 'DrBu_45', 'DrGr_26', 'HaSa_157', 'HeAr_16',
       'RhMa_34', 'SiFl_11', 'TrCa_138', 'TrNi_59', 'TrNi_60', 'TrNi_62',
       'VoEm_252', 'WaAu_214', 'ZeCu_52'],
      dtype='object')","Index(['AeAe_18', 'AeAe_42', 'AeAe_61', 'AmTr_35', 'AmTr_54', 'AnGa_11',
       'AnGa_27', 'AnGa_33', 'AnGa_48', 'AnGa_54', 'ApCe_48', 'ApCe_60',
       'ApCe_72', 'ApFl_127', 'ApFl_75', 'ApFl_83', 'BaDo_38', 'BoTe_120',
       'BoTe_77', 'CaFl_166', 'CaFl_226', 'CaFl_308', 'CaFl_324', 'CaFl_394',
       'CeCa_19', 'CoFl_75', 'CoFl_93', 'CrSe_14', 'CyCo_153', 'CyCo_176',
       'DiQu_108', 'DiQu_161', 'DiQu_206', 'DrBu_15', 'DrBu_66', 'DrEl_60',
       'DrGr_27', 'DrMo_42', 'DrVi_21', 'DrWi_41', 'HaLa_59', 'HaLa_71',
       'HaSa_161', 'HeAr_29', 'LiHu_138', 'LiHu_153', 'MoPh_100', 'MoPh_143',
       'OoBi_159', 'OoBi_162', 'PaMa_35', 'PaXu_55', 'PoDo_63', 'TrCa_137',
       'TrSe_154', 'TrZe_153', 'VoEm_196', 'VoEm_241', 'VoEm_345', 'VoEm_77',
       'VoEm_82', 'WaAu_162'],
      dtype='object')"
20,"['442405', '6434971', '23427263', '11530417']","Index(['AeAe_44', 'AmTr_32', 'AnGa_28', 'AnGa_58', 'AnGa_59', 'ApCe_63',
       'ApCe_66', 'ApCe_81', 'ApFl_122', 'ApFl_77', 'ApFl_83', 'ApMe_77',
       'AtCo_160', 'CaFl_154', 'CiLe_32', 'CyCo_151', 'CyCo_200', 'DiQu_130',
       'DrAr_27', 'DrAr_30', 'DrBu_46', 'DrEl_41', 'DrFi_54', 'DrPe_12',
       'DrPe_42', 'DrVi_11', 'DrVi_13', 'DrVi_44', 'DrVi_47', 'DrWi_56',
       'DuNo_20', 'HaSa_122', 'HeAr_34', 'LiHu_99', 'MeRo_105', 'MiDe_171',
       'PaXu_28', 'PaXu_9', 'RhMa_32', 'TrCa_142', 'TrCa_151', 'TrNi_23',
       'TrSe_114', 'VaTa_25', 'VoEm_163', 'VoEm_78', 'WaAu_160', 'WaAu_163',
       'ZeCu_74'],
      dtype='object')","Index(['AeAe_105', 'AeAe_69', 'AmTr_14', 'AmTr_42', 'ApCe_100', 'ApCe_62',
       'ApCe_74', 'ApFl_113', 'ApFl_125', 'AtCo_199', 'CaFl_248', 'CaFl_390',
       'CeSo_24', 'CeSo_33', 'CoFl_65', 'CoFl_72', 'CyCo_148', 'DrBu_17',
       'DrBu_33', 'DrBu_58', 'DrBu_68', 'DrEl_19', 'DrEl_36', 'DrEl_49',
       'DrEr_46', 'DrYa_49', 'HaSa_116', 'HaSa_193', 'LiHu_195', 'LiHu_95',
       'LiHu_96', 'MoPh_103', 'MoPh_105', 'OoBi_95', 'PaMa_10', 'RhMa_24',
       'RhMa_26', 'RhMa_29', 'SiFl_16', 'TrCa_155', 'TrNi_56', 'VaTa_29',
       'VaTa_34', 'VoEm_144', 'VoEm_253', 'VoEm_327', 'VoEm_82', 'WaAu_251'],
      dtype='object')","Index(['AeAe_62', 'AeAe_83', 'AmTr_18', 'AmTr_23', 'AnGa_18', 'AnGa_20',
       'AnGa_32', 'AnGa_43', 'AnGa_66', 'ApCe_60', 'ApCe_91', 'BoIm_51',
       'CeCa_33', 'CoFl_104', 'DiQu_109', 'DrAr_41', 'DrAr_48', 'DrBu_31',
       'DrBu_45', 'DrGr_26', 'HaLa_43', 'HaSa_157', 'HaSa_226', 'HyKa_25',
       'LiHu_212', 'OoBi_159', 'OoBi_220', 'PoDo_63', 'TrCa_133', 'TrCa_138',
       'TrCa_161', 'TrNi_55', 'TrNi_59', 'TrSe_143', 'VoEm_259', 'WaAu_190',
       'WaAu_214', 'ZeCu_52'],
      dtype='object')","Index(['AcEc_199', 'AeAe_42', 'AeAe_58', 'AeAe_65', 'AeAe_79', 'AeAe_84',
       'AgPl_11', 'AmTr_31', 'AnGa_16', 'AnGa_48', 'AnGa_54', 'AnGa_65',
       'ApCe_48', 'ApCe_54', 'ApCe_94', 'ApFl_130', 'ApMe_54', 'BoTe_77',
       'CaFl_308', 'CyCo_153', 'DiQu_161', 'DiQu_206', 'DrBi_39', 'DrEl_60',
       'DrFi_20', 'HaLa_59', 'HaLa_71', 'HaSa_115', 'MeRo_92', 'MoPh_100',
       'PaXu_55', 'SiFl_9', 'TrSe_173', 'VaTa_36', 'ZeCu_46'],
      dtype='object')"
21,"['442405', '6434971', '23427263', '12187779']","Index(['AcEc_159', 'AeAe_44', 'AgPl_12', 'AmTr_32', 'AnGa_14', 'AnGa_28',
       'AnGa_58', 'AnGa_59', 'ApCe_63', 'ApCe_66', 'ApCe_81', 'ApFl_122',
       'ApFl_77', 'AtCo_160', 'CaFl_154', 'CaFl_159', 'CaFl_89', 'CyCo_200',
       'DiQu_130', 'DrAr_27', 'DrAr_43', 'DrBu_46', 'DrEl_41', 'DrFi_54',
       'DrPe_42', 'DrVi_11', 'DrVi_47', 'DrWi_55', 'DrWi_56', 'LiHu_99',
       'PaXu_28', 'PaXu_9', 'TrNi_23', 'VoEm_163', 'WaAu_160'],
      dtype='object')","Index(['AeAe_69', 'AeAe_70', 'AmTr_14', 'AmTr_16', 'AnGa_12', 'AnGa_13',
       'AnGa_21', 'AnGa_44', 'ApCe_100', 'ApCe_62', 'ApCe_64', 'ApCe_74',
       'ApFl_74', 'ApMe_76', 'AtCo_199', 'CaFl_248', 'CeSo_24', 'CeSo_33',
       'CyCo_148', 'DrBu_17', 'DrBu_55', 'DrBu_68', 'DrEl_36', 'DrEr_46',
       'HaSa_116', 'HaSa_214', 'HaSa_216', 'HeAr_66', 'LiHu_110', 'LiHu_195',
       'MoPh_103', 'RhMa_24', 'RhMa_26', 'TrCa_155', 'TrNi_56', 'VaTa_29',
       'VaTa_34', 'VoEm_144', 'VoEm_165', 'VoEm_214', 'WaAu_251'],
      dtype='object')","Index(['AeAe_33', 'AnGa_18', 'AnGa_32', 'AnGa_43', 'ApCe_44', 'ApCe_47',
       'BoIm_51', 'CoFl_104', 'DiQu_109', 'DrAr_41', 'DrAr_48', 'DrBu_10',
       'DrBu_31', 'DrBu_40', 'DrGr_26', 'HaSa_157', 'HaSa_226', 'HyKa_25',
       'PaMa_35', 'PaPo_46', 'RhMa_34', 'TrCa_133', 'TrCa_138', 'TrCa_161',
       'TrNi_55', 'TrNi_60', 'TrNi_62', 'TrSe_143', 'VoEm_252', 'VoEm_259',
       'WaAu_190', 'ZeCu_52'],
      dtype='object')","Index(['AeAe_58', 'AeAe_61', 'AeAe_79', 'AgPl_10', 'AmTr_50', 'AmTr_52',
       'AmTr_55', 'AnGa_16', 'AnGa_37', 'AnGa_48', 'AnGa_51', 'ApCe_94',
       'ApFl_132', 'ApMe_61', 'CaFl_166', 'CaFl_293', 'CaFl_308', 'CaFl_394',
       'CeCa_19', 'CoFl_75', 'CrSe_14', 'CrSe_16', 'CyCo_176', 'DiQu_161',
       'DrBu_13', 'DrBu_15', 'DrEl_33', 'DrEr_43', 'DrVi_55', 'DrYa_53',
       'HaLa_43', 'HaLa_71', 'HaSa_100', 'HaSa_161', 'HeAr_29', 'MoPh_100',
       'MoPh_143', 'MoPh_180', 'OoBi_162', 'PaXu_52', 'PaXu_55', 'PoDo_73',
       'PoDo_82', 'PoDo_98', 'RhMa_23', 'TrNi_26', 'TrSe_173', 'VaTa_25',
       'WaAu_119', 'WaAu_162'],
      dtype='object')"
22,"['442405', '6434971', '23427263', '340066']","Index(['AeAe_44', 'AmTr_32', 'AnGa_14', 'AnGa_28', 'AnGa_59', 'ApCe_63',
       'ApCe_81', 'ApFl_122', 'ApMe_77', 'CyCo_200', 'DrAr_43', 'DrBu_46',
       'DrEl_41', 'DrFi_54', 'DrPe_12', 'DrPe_42', 'DrVi_11', 'DrVi_13',
       'DrVi_47', 'DrWi_56', 'HaSa_122', 'HeAr_34', 'MeRo_105', 'MiDe_171',
       'OoBi_209', 'PaXu_28', 'PaXu_9', 'RhMa_32', 'TrCa_142', 'TrNi_23',
       'TrNi_46', 'TrSe_114', 'VoEm_163', 'WaAu_163', 'ZeCu_74'],
      dtype='object')","Index(['AeAe_69', 'AeAe_70', 'AmTr_14', 'AmTr_40', 'AnGa_13', 'ApCe_100',
       'ApCe_62', 'ApFl_125', 'ApFl_74', 'AtCo_199', 'CeSo_24', 'CeSo_33',
       'CoFl_65', 'CoFl_72', 'CyCo_148', 'DrBu_17', 'DrBu_55', 'DrBu_58',
       'DrBu_68', 'DrEr_46', 'DrYa_49', 'HeAr_66', 'LiHu_195', 'LiHu_96',
       'MoPh_105', 'PaMa_10', 'RhMa_26', 'RhMa_29', 'TrNi_56', 'VaTa_29',
       'VaTa_34', 'WaAu_251'],
      dtype='object')","Index(['AeAe_33', 'AeAe_83', 'AmTr_13', 'AnGa_18', 'AnGa_32', 'AnGa_43',
       'BoIm_51', 'CeCa_33', 'CoFl_104', 'DiQu_109', 'DrAr_48', 'DrBu_31',
       'DrBu_45', 'DrGr_26', 'HaSa_226', 'HyKa_25', 'OoBi_159', 'OoBi_220',
       'PaMa_35', 'PaPo_46', 'RhMa_34', 'TrCa_133', 'TrCa_138', 'TrCa_161',
       'TrNi_59', 'TrNi_60', 'TrNi_62', 'TrSe_143', 'VoEm_252', 'VoEm_259',
       'WaAu_214', 'ZeCu_52'],
      dtype='object')","Index(['AcEc_159', 'AcEc_199', 'AeAe_42', 'AeAe_58', 'AeAe_61', 'AmTr_17',
       'AmTr_50', 'AmTr_55', 'AnGa_16', 'AnGa_48', 'AnGa_51', 'AnGa_54',
       'ApCe_45', 'ApCe_72', 'ApCe_73', 'ApCe_75', 'ApFl_132', 'ApMe_124',
       'ApMe_54', 'BaDo_38', 'BoTe_130', 'BoTe_77', 'CaFl_226', 'CaFl_293',
       'CaFl_308', 'CiLe_26', 'CoFl_111', 'CoFl_75', 'CrSe_14', 'CyCo_176',
       'DiQu_108', 'DiQu_161', 'DiQu_211', 'DrBu_33', 'DrEl_33', 'DrEl_60',
       'DrFi_35', 'DrWi_41', 'HaLa_59', 'HaLa_71', 'HaSa_110', 'HaSa_155',
       'HaSa_161', 'HaSa_238', 'HeAr_27', 'HeAr_29', 'HeAr_67', 'LiHu_138',
       'LiHu_153', 'MoPh_100', 'MoPh_174', 'MoPh_181', 'OoBi_162', 'PaXu_55',
       'TrCa_169', 'TrZe_122', 'VaTa_25', 'VaTa_33', 'VaTa_52', 'VoEm_186',
       'VoEm_187', 'VoEm_192', 'WaAu_162'],
      dtype='object')"
23,"['442405', '6434971', '21592256', '129775774']","Index(['AeAe_44', 'AmTr_32', 'AnGa_24', 'AnGa_28', 'AnGa_37', 'AnGa_59',
       'ApCe_63', 'ApFl_77', 'ApMe_124', 'ApMe_77', 'BaDo_30', 'BoIm_51',
       'CaFl_154', 'CyCo_200', 'DrAr_48', 'DrBu_46', 'DrEl_41', 'DrFi_57',
       'DrPe_12', 'DrPe_42', 'DrVi_11', 'DrVi_13', 'DrVi_47', 'DrWi_56',
       'DuNo_23', 'HaSa_122', 'HeAr_34', 'MeRo_105', 'MiDe_171', 'MoPh_178',
       'OoBi_209', 'PaPo_25', 'PaXu_28', 'PaXu_9', 'RhMa_32', 'TrCa_142',
       'TrCa_151', 'TrNi_23', 'TrNi_46', 'TrSe_186', 'TrZe_172', 'VoEm_163',
       'WaAu_160', 'ZeCu_74'],
      dtype='object')","Index(['AeAe_69', 'AeAe_70', 'AmTr_14', 'AnGa_21', 'AnGa_44', 'ApCe_74',
       'ApFl_125', 'BoTe_75', 'CyCo_148', 'CyCo_204', 'DrAr_56', 'DrBi_49',
       'DrBu_17', 'DrBu_55', 'DrBu_68', 'DrEl_36', 'DrEr_46', 'DrMo_52',
       'DrPe_49', 'HaSa_116', 'HaSa_158', 'LiHu_95', 'LiHu_96', 'OoBi_95',
       'PaMa_10', 'RhMa_24', 'RhMa_26', 'RhMa_29', 'VaTa_34', 'VoEm_195'],
      dtype='object')","Index(['AcEc_119', 'AeAe_105', 'AeAe_37', 'AeAe_58', 'AeAe_62', 'AeAe_65',
       'AeAe_73', 'AeAe_79', 'AeAe_84', 'AgPl_11', 'AmTr_13', 'AmTr_23',
       'AmTr_31', 'AmTr_40', 'AmTr_52', 'AnGa_14', 'AnGa_16', 'AnGa_20',
       'AnGa_46', 'AnGa_53', 'AnGa_64', 'AnGa_65', 'AnGa_66', 'ApCe_54',
       'ApCe_83', 'ApCe_91', 'ApFl_128', 'ApFl_132', 'ApMe_54', 'CyCo_180',
       'CyCo_199', 'DrAr_39', 'DrAr_41', 'DrBu_10', 'DrBu_21', 'DrBu_31',
       'DrBu_45', 'DrMo_47', 'DrVi_18', 'DrVi_55', 'HeAr_16', 'RhMa_34',
       'SiFl_11', 'SiFl_9', 'TrNi_59', 'TrNi_60', 'TrNi_62', 'TrZe_130',
       'VaTa_40', 'VoEm_192', 'VoEm_252', 'WaAu_214'],
      dtype='object')","Index(['AeAe_18', 'AeAe_42', 'AeAe_61', 'AmTr_35', 'AmTr_54', 'AnGa_11',
       'AnGa_54', 'ApCe_47', 'ApCe_48', 'ApCe_60', 'ApCe_72', 'ApFl_127',
       'ApFl_75', 'ApFl_83', 'BaDo_38', 'BoTe_77', 'CaFl_166', 'CaFl_324',
       'CaFl_394', 'CeCa_19', 'CoFl_75', 'CoFl_93', 'CrSe_14', 'CyCo_153',
       'CyCo_176', 'DiQu_108', 'DiQu_109', 'DiQu_161', 'DiQu_206', 'DrBu_15',
       'DrBu_66', 'DrGr_27', 'DrVi_21', 'DrWi_41', 'HaLa_59', 'HaSa_125',
       'HaSa_161', 'HaSa_226', 'HeAr_29', 'HyKa_25', 'LiHu_138', 'LiHu_153',
       'LiHu_212', 'MoPh_143', 'OoBi_159', 'OoBi_162', 'OoBi_220', 'PaMa_35',
       'PaXu_55', 'PoDo_63', 'TrCa_127', 'TrCa_133', 'TrCa_137', 'TrCa_161',
       'TrNi_55', 'TrSe_143', 'TrSe_154', 'TrZe_153', 'VoEm_196', 'VoEm_241',
       'VoEm_345', 'VoEm_77', 'VoEm_82', 'WaAu_162'],
      dtype='object')"
24,"['442405', '6434971', '21592256', '12187779']","Index(['AeAe_44', 'AmTr_32', 'AnGa_28', 'AnGa_59', 'ApCe_63', 'ApCe_66',
       'ApFl_77', 'ApMe_124', 'AtCo_160', 'BaDo_30', 'CaFl_154', 'CyCo_200',
       'DiQu_130', 'DrAr_27', 'DrAr_48', 'DrBu_46', 'DrEl_41', 'DrPe_42',
       'DrVi_11', 'DrVi_47', 'DrWi_55', 'DrWi_56', 'DuNo_23', 'LiHu_99',
       'MoPh_178', 'PaXu_28', 'PaXu_9', 'TrNi_23', 'TrSe_186', 'VoEm_163',
       'WaAu_160'],
      dtype='object')","Index(['AeAe_69', 'AeAe_70', 'AmTr_14', 'AmTr_35', 'AnGa_21', 'AnGa_44',
       'ApCe_74', 'ApMe_76', 'BoTe_75', 'CaFl_248', 'CyCo_148', 'DrAr_56',
       'DrBu_17', 'DrBu_55', 'DrBu_68', 'DrEl_36', 'DrEr_46', 'DrMo_52',
       'HaSa_116', 'HaSa_216', 'HeAr_66', 'LiHu_110', 'LiHu_219', 'MoPh_103',
       'RhMa_24', 'RhMa_26', 'VaTa_34', 'VoEm_144', 'VoEm_214', 'WaAu_251'],
      dtype='object')","Index(['AcEc_119', 'AeAe_105', 'AeAe_37', 'AeAe_65', 'AeAe_73', 'AeAe_84',
       'AgPl_11', 'AmTr_13', 'AmTr_23', 'AmTr_31', 'AmTr_40', 'AmTr_52',
       'AnGa_14', 'AnGa_27', 'AnGa_33', 'AnGa_46', 'AnGa_53', 'AnGa_64',
       'ApCe_44', 'ApCe_54', 'ApCe_83', 'ApFl_128', 'ApMe_54', 'BoTe_120',
       'CaFl_226', 'CoFl_104', 'CyCo_180', 'CyCo_199', 'DrAr_39', 'DrAr_41',
       'DrBu_10', 'DrBu_31', 'DrBu_40', 'DrEl_60', 'DrMo_42', 'DrMo_47',
       'DrVi_18', 'HaSa_161', 'PaMa_35', 'RhMa_34', 'SiFl_11', 'SiFl_9',
       'TrNi_59', 'TrNi_60', 'TrNi_62', 'TrZe_130', 'VaTa_40', 'VoEm_192',
       'VoEm_252', 'VoEm_259', 'WaAu_190'],
      dtype='object')","Index(['AeAe_61', 'AgPl_10', 'AmTr_18', 'AmTr_50', 'AnGa_37', 'AnGa_51',
       'ApCe_94', 'ApMe_61', 'CaFl_166', 'CaFl_293', 'CaFl_394', 'CeCa_19',
       'CeCa_33', 'CoFl_75', 'CrSe_14', 'CrSe_16', 'DiQu_161', 'DrBu_13',
       'DrBu_15', 'DrEl_33', 'DrEr_43', 'DrYa_53', 'HaLa_43', 'HaSa_100',
       'HaSa_125', 'HeAr_29', 'LiHu_212', 'MoPh_143', 'MoPh_180', 'OoBi_162',
       'OoBi_220', 'PaXu_52', 'PoDo_63', 'PoDo_73', 'PoDo_82', 'PoDo_98',
       'RhMa_23', 'TrCa_127', 'TrNi_26', 'TrSe_173', 'VaTa_25', 'VoEm_77',
       'WaAu_119', 'WaAu_162'],
      dtype='object')"
25,"['442405', '6434971', '21592256', '340066']","Index(['AeAe_44', 'AmTr_32', 'AnGa_28', 'AnGa_59', 'ApCe_63', 'ApMe_77',
       'BaDo_30', 'BoIm_51', 'CaFl_405', 'CyCo_200', 'DrBu_46', 'DrEl_41',
       'DrPe_12', 'DrPe_42', 'DrVi_11', 'DrVi_13', 'DrVi_47', 'DrWi_56',
       'HaSa_122', 'HeAr_34', 'MeRo_105', 'MiDe_171', 'MoPh_178', 'OoBi_209',
       'PaXu_28', 'PaXu_9', 'RhMa_32', 'TrCa_142', 'TrNi_23', 'TrNi_46',
       'VoEm_163', 'ZeCu_74'],
      dtype='object')","Index(['AeAe_69', 'AeAe_70', 'AmTr_14', 'ApFl_125', 'BoTe_75', 'CoFl_72',
       'CyCo_148', 'DrAr_56', 'DrBu_17', 'DrBu_55', 'DrBu_68', 'DrEr_46',
       'DrGr_27', 'DrMo_52', 'DrPe_49', 'DrWi_30', 'DrYa_49', 'HeAr_66',
       'LiHu_219', 'LiHu_96', 'MoPh_105', 'PaMa_10', 'RhMa_26', 'RhMa_29',
       'VaTa_34', 'WaAu_251'],
      dtype='object')","Index(['AcEc_119', 'AeAe_105', 'AeAe_37', 'AeAe_65', 'AeAe_73', 'AeAe_79',
       'AeAe_84', 'AgPl_11', 'AmTr_13', 'AmTr_23', 'AmTr_31', 'AmTr_40',
       'AmTr_52', 'AnGa_14', 'AnGa_27', 'AnGa_33', 'AnGa_46', 'AnGa_53',
       'AnGa_64', 'ApCe_54', 'ApCe_83', 'ApFl_128', 'ApMe_54', 'BoTe_120',
       'CoFl_104', 'CyCo_180', 'CyCo_199', 'DiQu_109', 'DrAr_39', 'DrBu_31',
       'DrBu_45', 'DrMo_42', 'DrMo_47', 'DrVi_18', 'DrVi_55', 'HaSa_161',
       'OoBi_159', 'PaMa_35', 'RhMa_34', 'SiFl_11', 'SiFl_9', 'TrNi_59',
       'TrNi_60', 'TrNi_62', 'TrZe_130', 'VaTa_40', 'VoEm_252', 'VoEm_259',
       'WaAu_214'],
      dtype='object')","Index(['AcEc_159', 'AcEc_199', 'AeAe_42', 'AeAe_61', 'AmTr_17', 'AmTr_18',
       'AmTr_50', 'AnGa_51', 'AnGa_54', 'ApCe_45', 'ApCe_47', 'ApCe_72',
       'ApCe_73', 'ApCe_75', 'ApMe_124', 'BaDo_38', 'BoTe_130', 'BoTe_77',
       'CaFl_293', 'CiLe_26', 'CoFl_111', 'CoFl_75', 'CrSe_14', 'DiQu_108',
       'DiQu_161', 'DiQu_211', 'DrBu_33', 'DrEl_33', 'DrFi_35', 'DrWi_41',
       'HaLa_59', 'HaSa_110', 'HaSa_125', 'HaSa_155', 'HaSa_157', 'HaSa_238',
       'HeAr_27', 'HeAr_29', 'HeAr_67', 'LiHu_138', 'LiHu_153', 'LiHu_212',
       'MoPh_174', 'MoPh_181', 'PoDo_63', 'TrCa_127', 'TrCa_169', 'TrNi_55',
       'TrZe_122', 'VaTa_25', 'VaTa_33', 'VaTa_52', 'VoEm_186', 'VoEm_187',
       'VoEm_77', 'WaAu_162'],
      dtype='object')"
26,"['442405', '6434971', '129775774', '11530417']","Index(['AeAe_41', 'AeAe_44', 'AmTr_32', 'AnGa_28', 'AnGa_58', 'AnGa_59',
       'ApCe_63', 'ApFl_122', 'ApFl_77', 'ApMe_77', 'BaDo_30', 'CaFl_154',
       'CyCo_104', 'CyCo_200', 'DrBu_46', 'DrEl_41', 'DrFi_54', 'DrPe_12',
       'DrPe_42', 'DrVi_11', 'DrVi_13', 'DrVi_44', 'DrVi_47', 'DrWi_56',
       'HaSa_122', 'HaSa_238', 'HeAr_34', 'HyKa_34', 'MeRo_105', 'MiDe_171',
       'MoPh_178', 'PaXu_28', 'PaXu_9', 'RhMa_32', 'TrCa_142', 'TrCa_151',
       'TrNi_23', 'TrSe_114', 'VoEm_163', 'WaAu_160', 'ZeCu_74'],
      dtype='object')","Index(['AeAe_69', 'AmTr_14', 'ApCe_100', 'ApCe_74', 'ApFl_113', 'ApFl_125',
       'AtCo_199', 'BoTe_75', 'CeCa_58', 'CeSo_33', 'CyCo_148', 'DrAr_56',
       'DrBi_49', 'DrBu_17', 'DrBu_68', 'DrEl_36', 'DrEl_49', 'DrEr_46',
       'DrGr_26', 'DrMo_52', 'HaSa_116', 'HaSa_158', 'LiHu_195', 'LiHu_95',
       'LiHu_96', 'OoBi_95', 'PaMa_10', 'RhMa_24', 'RhMa_26', 'RhMa_29',
       'TrNi_53', 'TrNi_56', 'VaTa_29', 'VaTa_34'],
      dtype='object')","Index(['AeAe_18', 'AeAe_61', 'AmTr_35', 'AmTr_54', 'AnGa_11', 'AnGa_27',
       'AnGa_33', 'ApCe_60', 'ApCe_72', 'ApFl_127', 'ApFl_75', 'ApFl_83',
       'BaDo_38', 'BoTe_120', 'CaFl_166', 'CaFl_226', 'CaFl_324', 'CaFl_394',
       'CeCa_19', 'CoFl_104', 'CoFl_75', 'CoFl_93', 'CrSe_14', 'CyCo_176',
       'DiQu_108', 'DiQu_109', 'DiQu_161', 'DrBu_15', 'DrBu_31', 'DrBu_66',
       'DrGr_27', 'DrMo_42', 'DrVi_21', 'DrWi_41', 'HaLa_43', 'HaLa_59',
       'HaSa_161', 'HaSa_226', 'HeAr_29', 'HyKa_25', 'LiHu_138', 'LiHu_153',
       'LiHu_212', 'MoPh_143', 'OoBi_159', 'OoBi_162', 'OoBi_220', 'PaMa_35',
       'PaXu_55', 'PoDo_63', 'TrCa_133', 'TrCa_137', 'TrCa_161', 'TrNi_55',
       'TrSe_143', 'TrSe_154', 'TrZe_153', 'VoEm_196', 'VoEm_241', 'VoEm_259',
       'VoEm_345', 'VoEm_77', 'VoEm_82', 'WaAu_162', 'WaAu_190'],
      dtype='object')","Index(['AcEc_199', 'AeAe_33', 'AeAe_58', 'AeAe_65', 'AeAe_79', 'AeAe_84',
       'AgPl_11', 'AmTr_31', 'AnGa_16', 'AnGa_65', 'ApCe_54', 'ApCe_94',
       'ApFl_130', 'ApMe_54', 'CyCo_180', 'DrBi_39', 'DrBu_10', 'DrBu_21',
       'DrFi_20', 'HaSa_115', 'HeAr_16', 'MeRo_92', 'RhMa_34', 'SiFl_11',
       'SiFl_9', 'TrNi_60', 'TrNi_62', 'TrSe_173', 'VaTa_36', 'VoEm_252',
       'ZeCu_46'],
      dtype='object')"
27,"['442405', '6434971', '129775774', '12187779']","Index(['AeAe_41', 'AeAe_44', 'AmTr_32', 'AnGa_14', 'AnGa_28', 'AnGa_35',
       'AnGa_58', 'AnGa_59', 'ApCe_63', 'ApFl_122', 'ApFl_77', 'ApMe_124',
       'BaDo_30', 'CaFl_154', 'CaFl_159', 'CaFl_89', 'CyCo_200', 'DrAr_43',
       'DrAr_48', 'DrBu_46', 'DrEl_41', 'DrFi_54', 'DrPe_42', 'DrVi_11',
       'DrVi_47', 'DrWi_56', 'DuNo_23', 'MoPh_178', 'PaXu_28', 'PaXu_9',
       'TrNi_23', 'TrSe_186', 'VoEm_163', 'WaAu_160'],
      dtype='object')","Index(['AeAe_69', 'AeAe_70', 'AmTr_14', 'AmTr_16', 'AnGa_21', 'AnGa_44',
       'ApCe_100', 'ApCe_74', 'AtCo_199', 'BoTe_75', 'CeSo_33', 'CyCo_148',
       'DrAr_56', 'DrBu_17', 'DrBu_55', 'DrBu_68', 'DrEl_36', 'DrEr_46',
       'DrMo_52', 'HaSa_116', 'HaSa_214', 'LiHu_195', 'RhMa_24', 'RhMa_26',
       'TrNi_56', 'VaTa_29', 'VaTa_34', 'VoEm_165'],
      dtype='object')","Index(['AeAe_18', 'AeAe_42', 'AmTr_35', 'AmTr_54', 'AnGa_11', 'AnGa_27',
       'AnGa_33', 'AnGa_54', 'ApCe_44', 'ApCe_47', 'ApCe_48', 'ApCe_60',
       'ApCe_72', 'ApFl_127', 'ApFl_75', 'ApFl_83', 'BaDo_38', 'BoTe_120',
       'BoTe_77', 'CaFl_166', 'CaFl_226', 'CaFl_324', 'CoFl_104', 'CoFl_93',
       'CyCo_153', 'CyCo_176', 'DiQu_108', 'DiQu_109', 'DiQu_161', 'DiQu_206',
       'DrBu_31', 'DrBu_40', 'DrBu_66', 'DrEl_60', 'DrGr_27', 'DrMo_42',
       'DrVi_21', 'DrWi_41', 'HaLa_59', 'HaSa_161', 'HaSa_226', 'HyKa_25',
       'LiHu_138', 'LiHu_153', 'OoBi_159', 'PaMa_35', 'PaXu_55', 'PoDo_63',
       'TrCa_133', 'TrCa_137', 'TrCa_161', 'TrNi_55', 'TrSe_143', 'TrSe_154',
       'TrZe_153', 'VoEm_196', 'VoEm_241', 'VoEm_259', 'VoEm_345', 'VoEm_77',
       'VoEm_82', 'WaAu_190'],
      dtype='object')","Index(['AeAe_58', 'AeAe_62', 'AeAe_79', 'AeAe_83', 'AgPl_10', 'AmTr_18',
       'AmTr_23', 'AmTr_50', 'AmTr_52', 'AmTr_55', 'AnGa_16', 'AnGa_20',
       'AnGa_37', 'AnGa_51', 'AnGa_65', 'AnGa_66', 'ApCe_91', 'ApCe_94',
       'ApFl_132', 'ApMe_61', 'CaFl_293', 'CeCa_33', 'CrSe_16', 'CyCo_180',
       'DrBu_13', 'DrBu_21', 'DrBu_45', 'DrEl_33', 'DrEr_43', 'DrVi_55',
       'DrYa_53', 'HaLa_43', 'HaSa_100', 'HeAr_16', 'MoPh_180', 'PaXu_52',
       'PoDo_73', 'PoDo_82', 'PoDo_98', 'RhMa_23', 'SiFl_11', 'TrNi_26',
       'TrNi_59', 'TrSe_173', 'VaTa_25', 'WaAu_119', 'WaAu_214'],
      dtype='object')"
28,"['442405', '6434971', '129775774', '340066']","Index(['AeAe_44', 'AmTr_32', 'AnGa_14', 'AnGa_28', 'AnGa_35', 'AnGa_59',
       'ApCe_63', 'ApFl_122', 'ApMe_77', 'BaDo_30', 'BoIm_51', 'CyCo_104',
       'CyCo_200', 'DrAr_43', 'DrBu_46', 'DrEl_41', 'DrFi_54', 'DrPe_12',
       'DrPe_42', 'DrVi_11', 'DrVi_13', 'DrVi_47', 'DrWi_56', 'HaSa_122',
       'HeAr_34', 'HyKa_34', 'MeRo_105', 'MiDe_171', 'MoPh_178', 'OoBi_209',
       'PaXu_28', 'PaXu_9', 'RhMa_32', 'TrCa_142', 'TrNi_23', 'TrNi_46',
       'TrSe_114', 'VoEm_163', 'ZeCu_74'],
      dtype='object')","Index(['AeAe_69', 'AeAe_70', 'AmTr_14', 'ApCe_100', 'ApFl_125', 'ApFl_128',
       'AtCo_199', 'BoTe_75', 'CeSo_33', 'CyCo_148', 'DrAr_56', 'DrBu_17',
       'DrBu_55', 'DrBu_68', 'DrEr_46', 'DrMo_52', 'DrPe_49', 'LiHu_195',
       'LiHu_96', 'PaMa_10', 'RhMa_26', 'RhMa_29', 'TrNi_53', 'TrNi_56',
       'VaTa_29', 'VaTa_34', 'VoEm_252'],
      dtype='object')","Index(['AeAe_18', 'AmTr_13', 'AmTr_35', 'AmTr_54', 'AnGa_11', 'AnGa_27',
       'AnGa_33', 'ApCe_48', 'ApCe_60', 'ApFl_127', 'ApFl_75', 'ApFl_83',
       'BoTe_120', 'CaFl_166', 'CaFl_324', 'CaFl_394', 'CeCa_19', 'CoFl_104',
       'CoFl_93', 'CyCo_153', 'CyCo_176', 'DiQu_109', 'DiQu_161', 'DiQu_206',
       'DrBu_15', 'DrBu_31', 'DrBu_66', 'DrGr_27', 'DrMo_42', 'DrVi_21',
       'HaLa_59', 'HaSa_161', 'HaSa_226', 'HyKa_25', 'MoPh_143', 'OoBi_159',
       'OoBi_162', 'OoBi_220', 'PaMa_35', 'PaXu_55', 'PoDo_63', 'TrCa_133',
       'TrCa_137', 'TrCa_161', 'TrSe_143', 'TrSe_154', 'TrZe_153', 'VoEm_196',
       'VoEm_241', 'VoEm_259', 'VoEm_345', 'VoEm_77', 'VoEm_82'],
      dtype='object')","Index(['AcEc_159', 'AcEc_199', 'AeAe_58', 'AeAe_62', 'AmTr_17', 'AmTr_18',
       'AmTr_23', 'AmTr_50', 'AmTr_55', 'AnGa_16', 'AnGa_20', 'AnGa_51',
       'AnGa_65', 'AnGa_66', 'ApCe_45', 'ApCe_73', 'ApCe_75', 'ApCe_91',
       'ApFl_132', 'ApMe_124', 'ApMe_54', 'BoTe_130', 'CaFl_293', 'CiLe_26',
       'CoFl_111', 'CyCo_180', 'DiQu_211', 'DrAr_41', 'DrBu_10', 'DrBu_21',
       'DrBu_33', 'DrEl_33', 'DrFi_35', 'HaSa_110', 'HaSa_155', 'HaSa_157',
       'HaSa_238', 'HeAr_16', 'HeAr_27', 'HeAr_67', 'MoPh_174', 'MoPh_181',
       'SiFl_11', 'TrCa_169', 'TrZe_122', 'VaTa_25', 'VaTa_33', 'VaTa_52',
       'VoEm_186', 'VoEm_187', 'VoEm_192'],
      dtype='object')"
29,"['442405', '6434971', '11530417', '12187779']","Index(['AeAe_41', 'AeAe_44', 'AmTr_32', 'AnGa_28', 'AnGa_58', 'AnGa_59',
       'ApCe_63', 'ApCe_66', 'ApCe_81', 'ApFl_122', 'ApFl_77', 'AtCo_160',
       'BaDo_30', 'CaFl_154', 'CaFl_392', 'CyCo_200', 'DiQu_130', 'DrAr_27',
       'DrBu_46', 'DrEl_41', 'DrFi_54', 'DrPe_42', 'DrVi_11', 'DrVi_47',
       'DrWi_56', 'LiHu_99', 'MoPh_178', 'PaXu_28', 'PaXu_9', 'TrNi_23',
       'VoEm_163', 'WaAu_160'],
      dtype='object')","Index(['AeAe_69', 'AmTr_14', 'ApCe_100', 'ApCe_62', 'ApCe_74', 'ApFl_107',
       'AtCo_199', 'BoTe_75', 'CaFl_174', 'CaFl_248', 'CaFl_302', 'CeSo_24',
       'CeSo_33', 'CyCo_148', 'DrAr_56', 'DrBu_17', 'DrBu_44', 'DrBu_67',
       'DrBu_68', 'DrEl_36', 'DrEr_46', 'DrMo_52', 'HaSa_116', 'LiHu_195',
       'LiHu_219', 'LiHu_98', 'MoPh_103', 'RhMa_24', 'RhMa_26', 'TrCa_155',
       'TrNi_56', 'VaTa_29', 'VaTa_34', 'VoEm_144', 'WaAu_251'],
      dtype='object')","Index(['AcEc_199', 'AeAe_33', 'AeAe_42', 'AeAe_65', 'AeAe_84', 'AgPl_11',
       'AmTr_31', 'AnGa_54', 'AnGa_65', 'ApCe_44', 'ApCe_47', 'ApCe_48',
       'ApCe_54', 'ApFl_130', 'ApMe_54', 'BoTe_77', 'CyCo_153', 'DiQu_206',
       'DrBi_39', 'DrBu_10', 'DrBu_40', 'DrEl_60', 'DrFi_20', 'HaLa_59',
       'HaSa_115', 'MeRo_92', 'PaMa_35', 'PaPo_46', 'RhMa_34', 'SiFl_9',
       'TrNi_60', 'TrNi_62', 'VaTa_36', 'VoEm_252', 'ZeCu_46'],
      dtype='object')","Index(['AeAe_61', 'AeAe_62', 'AeAe_83', 'AgPl_10', 'AmTr_18', 'AmTr_23',
       'AmTr_50', 'AmTr_52', 'AnGa_20', 'AnGa_37', 'AnGa_51', 'AnGa_66',
       'ApCe_60', 'ApCe_91', 'ApFl_132', 'ApMe_61', 'CaFl_166', 'CaFl_293',
       'CaFl_394', 'CeCa_19', 'CeCa_33', 'CoFl_75', 'CrSe_14', 'CrSe_16',
       'CyCo_176', 'DrBu_13', 'DrBu_15', 'DrBu_45', 'DrEl_33', 'DrEr_43',
       'DrVi_55', 'DrYa_53', 'HaLa_43', 'HaSa_100', 'HaSa_161', 'HeAr_29',
       'LiHu_212', 'MoPh_143', 'MoPh_180', 'OoBi_159', 'OoBi_162', 'OoBi_220',
       'PaXu_52', 'PoDo_63', 'PoDo_73', 'PoDo_82', 'PoDo_98', 'RhMa_23',
       'TrNi_26', 'TrNi_59', 'VaTa_25', 'WaAu_119', 'WaAu_162', 'WaAu_214'],
      dtype='object')"
30,"['442405', '6434971', '11530417', '340066']","Index(['AeAe_44', 'AmTr_32', 'AnGa_28', 'AnGa_59', 'ApCe_63', 'ApCe_81',
       'ApFl_122', 'ApMe_77', 'BaDo_30', 'CyCo_104', 'CyCo_200', 'DrBu_46',
       'DrEl_41', 'DrFi_54', 'DrPe_12', 'DrPe_42', 'DrVi_11', 'DrVi_13',
       'DrVi_47', 'DrWi_56', 'HaSa_122', 'HeAr_34', 'HyKa_34', 'MeRo_105',
       'MiDe_171', 'MoPh_178', 'PaXu_28', 'PaXu_9', 'RhMa_32', 'TrCa_142',
       'TrNi_23', 'TrSe_114', 'VoEm_163', 'WaAu_163', 'ZeCu_74'],
      dtype='object')","Index(['AeAe_69', 'AmTr_14', 'ApCe_100', 'ApCe_62', 'ApFl_107', 'ApFl_125',
       'AtCo_199', 'BoTe_75', 'CeSo_24', 'CeSo_33', 'CoFl_65', 'CoFl_72',
       'CyCo_148', 'DrAr_56', 'DrBu_17', 'DrBu_58', 'DrBu_68', 'DrEr_46',
       'DrMo_52', 'DrYa_49', 'LiHu_195', 'LiHu_219', 'LiHu_96', 'MoPh_105',
       'PaMa_10', 'RhMa_26', 'RhMa_29', 'TrNi_53', 'TrNi_56', 'VaTa_29',
       'VaTa_34', 'VoEm_135', 'WaAu_251'],
      dtype='object')","Index(['AeAe_33', 'AeAe_65', 'AeAe_79', 'AeAe_84', 'AgPl_11', 'AmTr_13',
       'AmTr_31', 'AnGa_65', 'ApCe_48', 'ApCe_54', 'ApCe_94', 'ApFl_130',
       'CyCo_153', 'DiQu_109', 'DiQu_206', 'DrBi_39', 'DrFi_20', 'HaSa_115',
       'MeRo_92', 'PaMa_35', 'PaPo_46', 'RhMa_34', 'SiFl_9', 'TrNi_60',
       'TrNi_62', 'TrSe_173', 'VaTa_36', 'VoEm_252', 'ZeCu_46'],
      dtype='object')","Index(['AcEc_159', 'AeAe_61', 'AeAe_62', 'AmTr_17', 'AmTr_18', 'AmTr_23',
       'AmTr_50', 'AnGa_20', 'AnGa_51', 'AnGa_66', 'ApCe_45', 'ApCe_60',
       'ApCe_72', 'ApCe_73', 'ApCe_75', 'ApCe_91', 'ApFl_132', 'ApMe_124',
       'BaDo_38', 'BoTe_130', 'CaFl_226', 'CaFl_293', 'CiLe_26', 'CoFl_111',
       'CoFl_75', 'CrSe_14', 'CyCo_176', 'DiQu_108', 'DiQu_211', 'DrAr_41',
       'DrBu_33', 'DrEl_33', 'DrFi_35', 'DrWi_41', 'HaLa_43', 'HaSa_110',
       'HaSa_155', 'HaSa_157', 'HaSa_161', 'HaSa_238', 'HeAr_27', 'HeAr_29',
       'HeAr_67', 'LiHu_138', 'LiHu_153', 'LiHu_212', 'MoPh_174', 'MoPh_181',
       'OoBi_162', 'PoDo_63', 'TrCa_169', 'TrNi_55', 'TrZe_122', 'VaTa_25',
       'VaTa_33', 'VaTa_52', 'VoEm_186', 'VoEm_187', 'VoEm_192', 'WaAu_162',
       'WaAu_190'],
      dtype='object')"
31,"['442405', '23427263', '21592256', '11530417']","Index(['AeAe_44', 'AmTr_15', 'AmTr_28', 'AmTr_32', 'AnGa_28', 'AnGa_59',
       'ApCe_63', 'ApCe_66', 'ApCe_75', 'ApFl_77', 'ApMe_77', 'AtCo_160',
       'CaFl_154', 'CaFl_263', 'CaFl_264', 'CiLe_24', 'CyCo_151', 'CyCo_200',
       'DiQu_130', 'DrAr_27', 'DrBu_46', 'DrEl_41', 'DrPe_12', 'DrPe_42',
       'DrVi_11', 'DrVi_13', 'DrVi_47', 'DrWi_56', 'DuNo_20', 'HaSa_110',
       'HaSa_122', 'HeAr_23', 'HeAr_34', 'HeAr_35', 'LiHu_99', 'MeRo_105',
       'MiDe_171', 'PaXu_28', 'PaXu_9', 'RhMa_32', 'SiFl_7', 'TrCa_142',
       'TrCa_151', 'TrNi_23', 'TrZe_120', 'VoEm_163', 'VoEm_241', 'VoEm_78',
       'WaAu_160', 'ZeCu_74'],
      dtype='object')","Index(['AmTr_18', 'AnGa_18', 'AnGa_32', 'AnGa_43', 'BoIm_51', 'BoTe_75',
       'CeCa_33', 'DiQu_109', 'DrAr_48', 'DrAr_56', 'DrBi_49', 'DrGr_26',
       'DrMo_52', 'HaSa_157', 'HaSa_158', 'HaSa_226', 'HyKa_25', 'LiHu_212',
       'LiHu_219', 'LiHu_94', 'OoBi_220', 'OoBi_273', 'PoDo_63', 'TrCa_133',
       'TrCa_138', 'TrCa_161', 'TrNi_55', 'TrSe_143', 'ZeCu_52'],
      dtype='object')","Index(['AcEc_119', 'AeAe_105', 'AeAe_37', 'AeAe_73', 'AmTr_13', 'AmTr_23',
       'AmTr_40', 'AmTr_42', 'AmTr_52', 'AnGa_14', 'AnGa_27', 'AnGa_33',
       'AnGa_46', 'AnGa_53', 'AnGa_64', 'ApCe_100', 'ApCe_62', 'ApCe_83',
       'ApFl_113', 'ApFl_128', 'ApFl_132', 'ApMe_54', 'AtCo_199', 'BoTe_120',
       'CaFl_226', 'CaFl_390', 'CeSo_24', 'CeSo_33', 'CoFl_65', 'CyCo_176',
       'CyCo_180', 'CyCo_199', 'DrAr_39', 'DrBu_31', 'DrBu_58', 'DrEl_19',
       'DrEl_49', 'DrMo_42', 'DrMo_47', 'DrVi_18', 'DrVi_55', 'HaSa_161',
       'HaSa_193', 'LiHu_195', 'OoBi_162', 'SiFl_11', 'SiFl_16', 'TrCa_155',
       'TrNi_56', 'TrNi_59', 'TrZe_130', 'VaTa_29', 'VaTa_40', 'VoEm_192',
       'VoEm_253', 'VoEm_82'],
      dtype='object')","Index(['AcEc_199', 'AeAe_42', 'AeAe_70', 'AnGa_21', 'AnGa_44', 'AnGa_54',
       'AnGa_65', 'ApCe_48', 'ApCe_94', 'ApFl_130', 'ApMe_76', 'AtCo_112',
       'BoTe_77', 'CyCo_153', 'DiQu_110', 'DiQu_161', 'DiQu_206', 'DrBi_39',
       'DrBu_55', 'DrFi_20', 'HaLa_59', 'HaSa_108', 'HaSa_115', 'HaSa_216',
       'HeAr_66', 'LiHu_110', 'MeRo_92', 'TrSe_173', 'VaTa_36', 'VoEm_134',
       'VoEm_195', 'VoEm_214', 'WaAu_236', 'ZeCu_46'],
      dtype='object')"
32,"['442405', '23427263', '129775774', '11530417']","Index(['AeAe_44', 'AmTr_15', 'AmTr_32', 'AnGa_28', 'AnGa_58', 'AnGa_59',
       'ApCe_63', 'ApFl_122', 'ApFl_77', 'ApMe_77', 'CaFl_154', 'CyCo_200',
       'DrBu_46', 'DrEl_41', 'DrEr_24', 'DrFi_54', 'DrMo_47', 'DrPe_12',
       'DrPe_42', 'DrVi_11', 'DrVi_13', 'DrVi_44', 'DrVi_47', 'DrWi_56',
       'HaSa_110', 'HaSa_122', 'HeAr_23', 'HeAr_34', 'MeRo_105', 'MiDe_171',
       'PaXu_18', 'PaXu_28', 'PaXu_9', 'RhMa_32', 'SiFl_7', 'TrCa_142',
       'TrCa_151', 'TrNi_23', 'TrSe_114', 'TrZe_120', 'VoEm_163', 'WaAu_160',
       'ZeCu_74'],
      dtype='object')","Index(['AeAe_62', 'AeAe_83', 'AmTr_18', 'AmTr_23', 'AnGa_18', 'AnGa_20',
       'AnGa_32', 'AnGa_43', 'AnGa_66', 'ApCe_91', 'BoIm_51', 'BoTe_75',
       'CeCa_33', 'CeCa_58', 'DiQu_109', 'DrAr_41', 'DrAr_48', 'DrAr_56',
       'DrBi_49', 'DrBu_45', 'DrGr_26', 'DrMo_52', 'HaSa_157', 'HaSa_158',
       'TrCa_138', 'TrNi_53', 'TrNi_59', 'WaAu_214', 'ZeCu_52'],
      dtype='object')","Index(['AeAe_105', 'AeAe_18', 'AeAe_61', 'AmTr_35', 'AmTr_42', 'AmTr_54',
       'AnGa_11', 'AnGa_27', 'AnGa_33', 'ApCe_60', 'ApCe_62', 'ApCe_72',
       'ApFl_127', 'ApFl_75', 'ApFl_83', 'BaDo_38', 'BoTe_120', 'CaFl_166',
       'CaFl_226', 'CaFl_248', 'CaFl_324', 'CaFl_390', 'CaFl_394', 'CeCa_19',
       'CeSo_24', 'CoFl_65', 'CoFl_72', 'CoFl_75', 'CoFl_93', 'CrSe_14',
       'CyCo_176', 'DiQu_108', 'DiQu_161', 'DrBu_15', 'DrBu_33', 'DrBu_58',
       'DrBu_66', 'DrEl_19', 'DrGr_27', 'DrMo_42', 'DrVi_21', 'DrWi_41',
       'DrYa_49', 'HaLa_59', 'HaSa_161', 'HaSa_193', 'HeAr_29', 'LiHu_138',
       'LiHu_153', 'MoPh_103', 'MoPh_105', 'MoPh_143', 'OoBi_159', 'OoBi_162',
       'PaMa_35', 'PaXu_55', 'PoDo_63', 'SiFl_16', 'TrCa_137', 'TrCa_155',
       'TrSe_154', 'TrZe_153', 'VaTa_29', 'VoEm_144', 'VoEm_196', 'VoEm_241',
       'VoEm_253', 'VoEm_327', 'VoEm_345', 'VoEm_77', 'VoEm_82', 'WaAu_162',
       'WaAu_251'],
      dtype='object')","Index(['AcEc_199', 'AeAe_58', 'AeAe_65', 'AeAe_70', 'AeAe_79', 'AeAe_84',
       'AgPl_11', 'AmTr_16', 'AmTr_31', 'AnGa_16', 'AnGa_21', 'AnGa_44',
       'AnGa_65', 'ApCe_54', 'ApCe_94', 'ApFl_130', 'ApMe_54', 'ApMe_63',
       'DrBi_39', 'DrBu_55', 'DrFi_20', 'HaSa_115', 'HaSa_214', 'MeRo_92',
       'SiFl_9', 'TrSe_173', 'VaTa_36', 'VoEm_195', 'ZeCu_46'],
      dtype='object')"
33,"['442405', '23427263', '129775774', '340066']","Index(['AeAe_44', 'AmTr_32', 'AnGa_14', 'AnGa_28', 'AnGa_59', 'ApCe_63',
       'ApFl_122', 'ApMe_77', 'BoIm_108', 'CyCo_164', 'CyCo_200', 'DrAr_43',
       'DrBu_46', 'DrEl_41', 'DrEr_51', 'DrFi_54', 'DrMo_47', 'DrPe_12',
       'DrPe_42', 'DrVi_11', 'DrVi_13', 'DrVi_47', 'DrWi_56', 'HaSa_122',
       'HeAr_23', 'HeAr_34', 'MeRo_105', 'MiDe_171', 'OoBi_209', 'PaXu_28',
       'PaXu_9', 'RhMa_32', 'SiFl_7', 'TrCa_142', 'TrNi_23', 'TrNi_46',
       'TrSe_114', 'TrZe_120', 'VaTa_50', 'VoEm_163', 'ZeCu_74'],
      dtype='object')","Index(['AeAe_33', 'AeAe_83', 'AnGa_18', 'AnGa_32', 'AnGa_43', 'ApFl_128',
       'BoIm_51', 'BoTe_75', 'CeCa_33', 'DiQu_109', 'DrAr_48', 'DrAr_56',
       'DrBu_45', 'DrGr_26', 'DrMo_52', 'DrPe_49', 'RhMa_34', 'TrCa_138',
       'TrNi_53', 'TrNi_59', 'TrNi_60', 'TrNi_62', 'VoEm_252', 'WaAu_214',
       'ZeCu_52'],
      dtype='object')","Index(['AeAe_18', 'AmTr_35', 'AmTr_40', 'AmTr_54', 'AnGa_11', 'AnGa_13',
       'AnGa_27', 'AnGa_33', 'ApCe_48', 'ApCe_60', 'ApCe_62', 'ApFl_127',
       'ApFl_74', 'ApFl_75', 'ApFl_83', 'BoTe_120', 'CaFl_166', 'CaFl_324',
       'CaFl_394', 'CeCa_19', 'CeSo_24', 'CoFl_65', 'CoFl_72', 'CoFl_93',
       'CyCo_153', 'CyCo_176', 'DiQu_161', 'DiQu_206', 'DrBu_15', 'DrBu_58',
       'DrBu_66', 'DrGr_27', 'DrMo_42', 'DrVi_21', 'DrYa_49', 'HaLa_59',
       'HaSa_161', 'HeAr_66', 'MoPh_105', 'MoPh_143', 'OoBi_159', 'OoBi_162',
       'PaMa_35', 'PaXu_55', 'PoDo_63', 'TrCa_137', 'TrSe_154', 'TrZe_153',
       'VoEm_196', 'VoEm_241', 'VoEm_345', 'VoEm_77', 'VoEm_82', 'WaAu_251'],
      dtype='object')","Index(['AcEc_159', 'AcEc_199', 'AeAe_58', 'AmTr_16', 'AmTr_17', 'AmTr_50',
       'AmTr_55', 'AnGa_16', 'AnGa_21', 'AnGa_44', 'AnGa_51', 'ApCe_45',
       'ApCe_73', 'ApCe_74', 'ApCe_75', 'ApFl_113', 'ApFl_132', 'ApMe_124',
       'ApMe_54', 'ApMe_63', 'BoTe_130', 'CaFl_293', 'CiLe_26', 'CoFl_111',
       'DiQu_211', 'DrBu_33', 'DrEl_33', 'DrEl_36', 'DrEl_49', 'DrFi_35',
       'HaSa_110', 'HaSa_116', 'HaSa_155', 'HaSa_214', 'HaSa_238', 'HeAr_27',
       'HeAr_67', 'LiHu_95', 'MoPh_174', 'MoPh_181', 'OoBi_95', 'RhMa_24',
       'TrCa_169', 'TrZe_122', 'VaTa_25', 'VaTa_33', 'VaTa_52', 'VoEm_165',
       'VoEm_186', 'VoEm_187', 'VoEm_192', 'VoEm_195'],
      dtype='object')"
34,"['442405', '23427263', '11530417', '12187779']","Index(['AeAe_44', 'AmTr_32', 'AnGa_28', 'AnGa_58', 'AnGa_59', 'AnGa_64',
       'ApCe_63', 'ApCe_66', 'ApCe_81', 'ApFl_122', 'ApFl_77', 'ApMe_90',
       'AtCo_160', 'CaFl_154', 'CaFl_263', 'CiLe_24', 'CyCo_200', 'DiQu_130',
       'DrAr_27', 'DrBu_46', 'DrEl_41', 'DrFi_54', 'DrPe_42', 'DrVi_11',
       'DrVi_47', 'DrWi_56', 'LiHu_99', 'PaXu_28', 'PaXu_9', 'RhMa_24',
       'TrNi_23', 'TrZe_120', 'VoEm_163', 'WaAu_160'],
      dtype='object')","Index(['AnGa_18', 'AnGa_32', 'AnGa_43', 'ApFl_107', 'BoIm_51', 'BoTe_75',
       'CaFl_174', 'CaFl_302', 'CoFl_104', 'DiQu_109', 'DrAr_41', 'DrAr_48',
       'DrAr_56', 'DrBu_31', 'DrBu_44', 'DrBu_67', 'DrGr_26', 'DrMo_52',
       'HaSa_157', 'HaSa_226', 'HyKa_25', 'LiHu_219', 'LiHu_98', 'TrCa_133',
       'TrCa_138', 'TrCa_161', 'TrNi_55', 'TrSe_143', 'VoEm_259', 'WaAu_190',
       'ZeCu_52'],
      dtype='object')","Index(['AcEc_199', 'AeAe_42', 'AeAe_65', 'AeAe_70', 'AeAe_84', 'AgPl_11',
       'AmTr_16', 'AmTr_31', 'AnGa_12', 'AnGa_13', 'AnGa_21', 'AnGa_44',
       'AnGa_54', 'AnGa_65', 'ApCe_48', 'ApCe_54', 'ApCe_64', 'ApFl_130',
       'ApFl_74', 'ApMe_54', 'ApMe_76', 'BoTe_77', 'CyCo_153', 'DiQu_206',
       'DrBi_39', 'DrBu_55', 'DrEl_60', 'DrFi_20', 'HaLa_59', 'HaSa_115',
       'HaSa_214', 'HaSa_216', 'HeAr_66', 'LiHu_110', 'MeRo_92', 'RhMa_28',
       'SiFl_9', 'TrNi_56', 'VaTa_36', 'VoEm_214', 'ZeCu_46'],
      dtype='object')","Index(['AeAe_105', 'AeAe_61', 'AgPl_10', 'AmTr_42', 'AmTr_50', 'AmTr_52',
       'AnGa_37', 'AnGa_51', 'ApFl_113', 'ApFl_125', 'ApFl_132', 'ApMe_61',
       'CaFl_166', 'CaFl_293', 'CaFl_390', 'CaFl_394', 'CeCa_19', 'CoFl_65',
       'CoFl_72', 'CoFl_75', 'CrSe_14', 'CrSe_16', 'CyCo_176', 'DrBu_13',
       'DrBu_15', 'DrBu_33', 'DrBu_58', 'DrEl_19', 'DrEl_33', 'DrEl_49',
       'DrEr_43', 'DrVi_55', 'DrYa_49', 'DrYa_53', 'HaLa_43', 'HaSa_100',
       'HaSa_161', 'HaSa_193', 'HeAr_29', 'LiHu_95', 'LiHu_96', 'MoPh_105',
       'MoPh_143', 'MoPh_180', 'OoBi_162', 'OoBi_95', 'PaMa_10', 'PaXu_52',
       'PoDo_73', 'PoDo_82', 'PoDo_98', 'RhMa_23', 'RhMa_29', 'SiFl_16',
       'TrNi_26', 'VaTa_25', 'VaTa_29', 'VoEm_253', 'VoEm_327', 'VoEm_82',
       'WaAu_119', 'WaAu_162'],
      dtype='object')"
35,"['442405', '23427263', '11530417', '340066']","Index(['AeAe_44', 'AmTr_28', 'AmTr_32', 'AnGa_28', 'AnGa_59', 'ApCe_63',
       'ApCe_81', 'ApFl_122', 'ApMe_77', 'CyCo_200', 'DrBu_46', 'DrEl_41',
       'DrFi_54', 'DrMo_47', 'DrPe_12', 'DrPe_42', 'DrVi_11', 'DrVi_13',
       'DrVi_47', 'DrWi_56', 'HaSa_122', 'HeAr_23', 'HeAr_34', 'MeRo_105',
       'MiDe_171', 'PaXu_28', 'PaXu_9', 'RhMa_32', 'SiFl_7', 'TrCa_142',
       'TrNi_23', 'TrSe_114', 'TrZe_120', 'VoEm_163', 'WaAu_163', 'ZeCu_74'],
      dtype='object')","Index(['AeAe_83', 'AnGa_18', 'AnGa_32', 'AnGa_43', 'ApFl_107', 'BoIm_51',
       'BoTe_75', 'CeCa_33', 'CoFl_104', 'DiQu_109', 'DrAr_48', 'DrAr_56',
       'DrBu_31', 'DrBu_45', 'DrGr_26', 'DrMo_52', 'HaSa_226', 'HyKa_25',
       'LiHu_219', 'OoBi_159', 'OoBi_220', 'TrCa_133', 'TrCa_138', 'TrCa_161',
       'TrNi_53', 'TrNi_59', 'TrSe_143', 'VoEm_135', 'VoEm_259', 'WaAu_214',
       'ZeCu_52'],
      dtype='object')","Index(['AeAe_65', 'AeAe_70', 'AeAe_79', 'AeAe_84', 'AgPl_11', 'AmTr_31',
       'AmTr_40', 'AnGa_13', 'AnGa_65', 'ApCe_48', 'ApCe_54', 'ApCe_94',
       'ApFl_130', 'ApFl_74', 'CyCo_153', 'DiQu_206', 'DrBi_39', 'DrBu_55',
       'DrFi_20', 'HaSa_115', 'HeAr_66', 'MeRo_92', 'SiFl_9', 'TrSe_173',
       'VaTa_36', 'ZeCu_46'],
      dtype='object')","Index(['AcEc_159', 'AeAe_105', 'AeAe_61', 'AmTr_17', 'AmTr_42', 'AmTr_50',
       'AnGa_51', 'ApCe_45', 'ApCe_72', 'ApCe_73', 'ApCe_74', 'ApCe_75',
       'ApFl_113', 'ApFl_132', 'ApMe_124', 'BaDo_38', 'BoTe_130', 'CaFl_226',
       'CaFl_248', 'CaFl_293', 'CaFl_390', 'CiLe_26', 'CoFl_111', 'CoFl_75',
       'CrSe_14', 'CyCo_176', 'DiQu_108', 'DiQu_211', 'DrBu_33', 'DrEl_19',
       'DrEl_33', 'DrEl_36', 'DrEl_49', 'DrFi_35', 'DrWi_41', 'HaSa_110',
       'HaSa_116', 'HaSa_155', 'HaSa_161', 'HaSa_193', 'HaSa_238', 'HeAr_27',
       'HeAr_29', 'HeAr_67', 'LiHu_138', 'LiHu_153', 'LiHu_95', 'MoPh_103',
       'MoPh_174', 'MoPh_181', 'OoBi_162', 'OoBi_95', 'RhMa_24', 'SiFl_16',
       'TrCa_155', 'TrCa_169', 'TrZe_122', 'VaTa_25', 'VaTa_29', 'VaTa_33',
       'VaTa_52', 'VoEm_144', 'VoEm_186', 'VoEm_187', 'VoEm_192', 'VoEm_253',
       'VoEm_327', 'VoEm_82', 'WaAu_162'],
      dtype='object')"
36,"['442405', '21592256', '129775774', '12187779']","Index(['AeAe_44', 'AeAe_98', 'AmTr_32', 'AnGa_28', 'AnGa_59', 'ApCe_63',
       'ApFl_77', 'ApMe_124', 'BaDo_30', 'CaFl_154', 'CyCo_200', 'DrAr_48',
       'DrBu_46', 'DrEl_41', 'DrPe_42', 'DrVi_11', 'DrVi_47', 'DrWi_56',
       'DuNo_23', 'MoPh_178', 'PaXu_28', 'PaXu_9', 'TrNi_23', 'TrSe_186',
       'TrZe_120', 'VoEm_163', 'WaAu_160'],
      dtype='object')","Index(['AcEc_119', 'AeAe_105', 'AeAe_37', 'AeAe_65', 'AeAe_73', 'AeAe_84',
       'AgPl_11', 'AmTr_13', 'AmTr_16', 'AmTr_23', 'AmTr_31', 'AmTr_40',
       'AmTr_52', 'AnGa_14', 'AnGa_46', 'AnGa_53', 'AnGa_64', 'ApCe_100',
       'ApCe_54', 'ApCe_83', 'ApFl_128', 'ApMe_54', 'AtCo_199', 'CeSo_33',
       'CyCo_180', 'CyCo_199', 'DrAr_39', 'DrAr_41', 'DrBu_10', 'DrBu_31',
       'DrMo_47', 'DrVi_18', 'HaSa_214', 'LiHu_195', 'RhMa_34', 'SiFl_11',
       'SiFl_9', 'TrNi_56', 'TrNi_59', 'TrNi_60', 'TrNi_62', 'TrZe_130',
       'VaTa_29', 'VaTa_40', 'VoEm_192', 'VoEm_252'],
      dtype='object')","Index(['AeAe_18', 'AeAe_42', 'AmTr_35', 'AmTr_54', 'AnGa_11', 'AnGa_54',
       'ApCe_47', 'ApCe_48', 'ApCe_60', 'ApCe_72', 'ApFl_127', 'ApFl_75',
       'ApFl_83', 'ApMe_76', 'BaDo_38', 'BoTe_77', 'CaFl_166', 'CaFl_248',
       'CaFl_324', 'CoFl_93', 'CyCo_153', 'CyCo_176', 'DiQu_108', 'DiQu_109',
       'DiQu_161', 'DiQu_206', 'DrBu_66', 'DrGr_27', 'DrVi_21', 'DrWi_41',
       'HaLa_59', 'HaSa_161', 'HaSa_216', 'HaSa_226', 'HeAr_66', 'HyKa_25',
       'LiHu_110', 'LiHu_138', 'LiHu_153', 'LiHu_219', 'MoPh_103', 'OoBi_159',
       'PaMa_35', 'PaXu_55', 'PoDo_63', 'TrCa_133', 'TrCa_137', 'TrCa_161',
       'TrNi_55', 'TrSe_143', 'TrSe_154', 'TrZe_153', 'VoEm_144', 'VoEm_196',
       'VoEm_214', 'VoEm_241', 'VoEm_345', 'VoEm_77', 'VoEm_82', 'WaAu_251'],
      dtype='object')","Index(['AgPl_10', 'AmTr_18', 'AmTr_50', 'AnGa_37', 'AnGa_51', 'ApCe_94',
       'ApFl_125', 'ApMe_61', 'CaFl_293', 'CeCa_33', 'CrSe_16', 'CyCo_204',
       'DrBi_49', 'DrBu_13', 'DrEl_33', 'DrEr_43', 'DrPe_49', 'DrYa_53',
       'HaLa_43', 'HaSa_100', 'HaSa_158', 'LiHu_95', 'LiHu_96', 'MoPh_180',
       'OoBi_95', 'PaMa_10', 'PaXu_52', 'PoDo_73', 'PoDo_82', 'PoDo_98',
       'RhMa_23', 'RhMa_29', 'TrNi_26', 'TrSe_173', 'VaTa_25', 'VoEm_195',
       'WaAu_119'],
      dtype='object')"
37,"['442405', '21592256', '129775774', '340066']","Index(['AeAe_44', 'AgPl_10', 'AmTr_32', 'AnGa_28', 'AnGa_59', 'ApCe_63',
       'ApMe_77', 'BaDo_30', 'BoIm_108', 'BoIm_51', 'CyCo_200', 'DrBu_46',
       'DrEl_41', 'DrEr_43', 'DrPe_12', 'DrPe_42', 'DrVi_11', 'DrVi_13',
       'DrVi_47', 'DrWi_56', 'HaSa_122', 'HeAr_23', 'HeAr_34', 'MeRo_105',
       'MiDe_171', 'MoPh_178', 'OoBi_209', 'PaXu_28', 'PaXu_9', 'RhMa_32',
       'SiFl_7', 'TrCa_142', 'TrNi_23', 'TrNi_46', 'TrZe_120', 'VoEm_163',
       'ZeCu_62', 'ZeCu_74'],
      dtype='object')","Index(['AcEc_119', 'AeAe_105', 'AeAe_37', 'AeAe_65', 'AeAe_73', 'AeAe_79',
       'AeAe_84', 'AgPl_11', 'AmTr_13', 'AmTr_23', 'AmTr_31', 'AmTr_40',
       'AmTr_52', 'AnGa_14', 'AnGa_46', 'AnGa_53', 'AnGa_64', 'ApCe_100',
       'ApCe_54', 'ApCe_83', 'ApFl_128', 'ApMe_54', 'AtCo_199', 'CeSo_33',
       'CyCo_180', 'CyCo_199', 'DrAr_39', 'DrBu_31', 'DrBu_45', 'DrMo_47',
       'DrVi_18', 'DrVi_55', 'LiHu_195', 'RhMa_34', 'SiFl_11', 'SiFl_9',
       'TrNi_53', 'TrNi_56', 'TrNi_59', 'TrNi_60', 'TrNi_62', 'TrZe_130',
       'VaTa_29', 'VaTa_40', 'VoEm_252', 'WaAu_214'],
      dtype='object')","Index(['AeAe_18', 'AmTr_35', 'AmTr_54', 'AnGa_11', 'ApCe_48', 'ApCe_60',
       'ApFl_127', 'ApFl_75', 'ApFl_83', 'CaFl_166', 'CaFl_324', 'CaFl_394',
       'CeCa_19', 'CoFl_72', 'CoFl_93', 'CyCo_153', 'CyCo_176', 'DiQu_109',
       'DiQu_161', 'DiQu_206', 'DrBu_15', 'DrBu_66', 'DrGr_27', 'DrVi_21',
       'DrWi_30', 'DrYa_49', 'HaLa_59', 'HaSa_161', 'HaSa_226', 'HeAr_66',
       'HyKa_25', 'LiHu_219', 'MoPh_105', 'MoPh_143', 'OoBi_159', 'OoBi_162',
       'OoBi_220', 'PaMa_35', 'PaXu_55', 'PoDo_63', 'TrCa_133', 'TrCa_137',
       'TrCa_161', 'TrSe_143', 'TrSe_154', 'TrZe_153', 'VoEm_196', 'VoEm_241',
       'VoEm_345', 'VoEm_77', 'VoEm_82', 'WaAu_251'],
      dtype='object')","Index(['AcEc_159', 'AcEc_199', 'AmTr_17', 'AmTr_18', 'AmTr_50', 'AnGa_21',
       'AnGa_44', 'AnGa_51', 'ApCe_45', 'ApCe_73', 'ApCe_74', 'ApCe_75',
       'ApMe_124', 'BoTe_130', 'CaFl_293', 'CiLe_26', 'CoFl_111', 'CyCo_204',
       'DiQu_211', 'DrBi_49', 'DrBu_33', 'DrEl_33', 'DrEl_36', 'DrFi_35',
       'HaSa_110', 'HaSa_116', 'HaSa_155', 'HaSa_157', 'HaSa_158', 'HaSa_238',
       'HeAr_27', 'HeAr_67', 'LiHu_95', 'MoPh_174', 'MoPh_181', 'OoBi_95',
       'RhMa_24', 'TrCa_169', 'TrZe_122', 'VaTa_25', 'VaTa_33', 'VaTa_52',
       'VoEm_186', 'VoEm_187', 'VoEm_195'],
      dtype='object')"
38,"['442405', '21592256', '11530417', '12187779']","Index(['AeAe_44', 'AmTr_32', 'AnGa_28', 'AnGa_59', 'ApCe_63', 'ApCe_66',
       'ApFl_77', 'AtCo_160', 'BaDo_30', 'CaFl_154', 'CaFl_263', 'CeSo_13',
       'CiLe_24', 'CyCo_200', 'DiQu_130', 'DrAr_27', 'DrBu_46', 'DrEl_41',
       'DrPe_42', 'DrVi_11', 'DrVi_47', 'DrWi_56', 'LiHu_99', 'MoPh_178',
       'PaXu_28', 'PaXu_9', 'TrNi_23', 'TrZe_120', 'VoEm_125', 'VoEm_163',
       'WaAu_160'],
      dtype='object')","Index(['AcEc_119', 'AeAe_105', 'AeAe_37', 'AeAe_73', 'AmTr_13', 'AmTr_23',
       'AmTr_40', 'AmTr_52', 'AnGa_14', 'AnGa_27', 'AnGa_33', 'AnGa_46',
       'AnGa_53', 'AnGa_64', 'ApCe_100', 'ApCe_62', 'ApCe_83', 'ApFl_107',
       'ApFl_128', 'ApMe_54', 'AtCo_199', 'BoTe_120', 'CaFl_174', 'CaFl_226',
       'CaFl_302', 'CeSo_24', 'CeSo_33', 'CoFl_104', 'CyCo_180', 'CyCo_199',
       'DrAr_39', 'DrAr_41', 'DrBu_31', 'DrBu_44', 'DrBu_67', 'DrMo_42',
       'DrMo_47', 'DrVi_18', 'HaSa_161', 'LiHu_195', 'LiHu_98', 'SiFl_11',
       'TrCa_155', 'TrNi_56', 'TrNi_59', 'TrZe_130', 'VaTa_29', 'VaTa_40',
       'VoEm_192', 'VoEm_259', 'WaAu_190'],
      dtype='object')","Index(['AcEc_199', 'AeAe_33', 'AeAe_42', 'AeAe_70', 'AmTr_35', 'AnGa_21',
       'AnGa_44', 'AnGa_54', 'AnGa_65', 'ApCe_47', 'ApCe_48', 'ApFl_130',
       'ApMe_76', 'BoTe_77', 'CyCo_153', 'DiQu_206', 'DrBi_39', 'DrBu_55',
       'DrFi_20', 'HaLa_59', 'HaSa_115', 'HaSa_216', 'HeAr_66', 'LiHu_110',
       'MeRo_92', 'VaTa_36', 'VoEm_214', 'ZeCu_46'],
      dtype='object')","Index(['AeAe_61', 'AgPl_10', 'AmTr_18', 'AmTr_50', 'AnGa_37', 'AnGa_51',
       'ApFl_125', 'ApMe_61', 'CaFl_166', 'CaFl_293', 'CaFl_394', 'CeCa_19',
       'CeCa_33', 'CoFl_72', 'CoFl_75', 'CrSe_14', 'CrSe_16', 'DrBi_49',
       'DrBu_13', 'DrBu_15', 'DrBu_33', 'DrEl_33', 'DrEr_43', 'DrYa_49',
       'DrYa_53', 'HaLa_43', 'HaSa_100', 'HaSa_158', 'HeAr_29', 'LiHu_212',
       'LiHu_94', 'LiHu_95', 'LiHu_96', 'MoPh_105', 'MoPh_143', 'MoPh_180',
       'OoBi_162', 'OoBi_220', 'OoBi_273', 'OoBi_95', 'PaMa_10', 'PaXu_52',
       'PoDo_63', 'PoDo_73', 'PoDo_82', 'PoDo_98', 'RhMa_23', 'RhMa_29',
       'TrNi_26', 'VaTa_25', 'VoEm_327', 'WaAu_119', 'WaAu_162'],
      dtype='object')"
39,"['442405', '129775774', '11530417', '12187779']","Index(['AeAe_41', 'AeAe_44', 'AmTr_32', 'AnGa_28', 'AnGa_58', 'AnGa_59',
       'ApCe_63', 'ApFl_122', 'ApFl_77', 'BaDo_30', 'CaFl_154', 'CyCo_200',
       'DrBu_46', 'DrEl_41', 'DrFi_54', 'DrPe_42', 'DrVi_11', 'DrVi_47',
       'DrWi_56', 'MoPh_178', 'PaXu_28', 'PaXu_9', 'TrNi_23', 'TrZe_120',
       'VoEm_163', 'WaAu_160'],
      dtype='object')","Index(['AeAe_18', 'AmTr_35', 'AmTr_54', 'AnGa_11', 'AnGa_27', 'AnGa_33',
       'ApCe_60', 'ApCe_62', 'ApCe_72', 'ApFl_107', 'ApFl_127', 'ApFl_75',
       'ApFl_83', 'BaDo_38', 'BoTe_120', 'CaFl_166', 'CaFl_174', 'CaFl_226',
       'CaFl_248', 'CaFl_302', 'CaFl_324', 'CeSo_24', 'CoFl_104', 'CoFl_93',
       'CyCo_176', 'DiQu_108', 'DiQu_109', 'DiQu_161', 'DrBu_31', 'DrBu_44',
       'DrBu_66', 'DrBu_67', 'DrGr_27', 'DrMo_42', 'DrVi_21', 'DrWi_41',
       'HaLa_59', 'HaSa_161', 'HaSa_226', 'HyKa_25', 'LiHu_138', 'LiHu_153',
       'LiHu_219', 'LiHu_98', 'MoPh_103', 'OoBi_159', 'PaMa_35', 'PaXu_55',
       'PoDo_63', 'TrCa_133', 'TrCa_137', 'TrCa_155', 'TrCa_161', 'TrNi_55',
       'TrSe_143', 'TrSe_154', 'TrZe_153', 'VoEm_144', 'VoEm_196', 'VoEm_241',
       'VoEm_259', 'VoEm_345', 'VoEm_77', 'VoEm_82', 'WaAu_190', 'WaAu_251'],
      dtype='object')","Index(['AcEc_199', 'AeAe_33', 'AeAe_65', 'AeAe_70', 'AeAe_84', 'AgPl_11',
       'AmTr_16', 'AmTr_31', 'AnGa_21', 'AnGa_44', 'AnGa_65', 'ApCe_54',
       'ApFl_130', 'ApMe_54', 'DrBi_39', 'DrBu_10', 'DrBu_55', 'DrFi_20',
       'HaSa_115', 'HaSa_214', 'MeRo_92', 'RhMa_34', 'SiFl_9', 'TrNi_60',
       'TrNi_62', 'VaTa_36', 'VoEm_252', 'ZeCu_46'],
      dtype='object')","Index(['AeAe_62', 'AeAe_83', 'AgPl_10', 'AmTr_18', 'AmTr_23', 'AmTr_50',
       'AmTr_52', 'AnGa_20', 'AnGa_37', 'AnGa_51', 'AnGa_66', 'ApCe_91',
       'ApFl_113', 'ApFl_125', 'ApFl_132', 'ApMe_61', 'CaFl_293', 'CeCa_33',
       'CeCa_58', 'CrSe_16', 'DrBi_49', 'DrBu_13', 'DrBu_45', 'DrEl_33',
       'DrEl_49', 'DrEr_43', 'DrGr_26', 'DrVi_55', 'DrYa_53', 'HaLa_43',
       'HaSa_100', 'HaSa_158', 'LiHu_95', 'LiHu_96', 'MoPh_180', 'OoBi_95',
       'PaMa_10', 'PaXu_52', 'PoDo_73', 'PoDo_82', 'PoDo_98', 'RhMa_23',
       'RhMa_29', 'TrNi_26', 'TrNi_53', 'TrNi_59', 'VaTa_25', 'WaAu_119',
       'WaAu_214'],
      dtype='object')"
40,"['442405', '129775774', '11530417', '340066']","Index(['AeAe_44', 'AmTr_32', 'AnGa_28', 'AnGa_59', 'ApCe_63', 'ApFl_122',
       'ApMe_77', 'BaDo_30', 'CyCo_104', 'CyCo_200', 'DrBu_46', 'DrEl_41',
       'DrEr_43', 'DrFi_54', 'DrMo_47', 'DrPe_12', 'DrPe_42', 'DrVi_11',
       'DrVi_13', 'DrVi_47', 'DrWi_56', 'HaSa_122', 'HeAr_23', 'HeAr_34',
       'HyKa_34', 'MeRo_105', 'MiDe_171', 'MoPh_178', 'PaXu_28', 'PaXu_9',
       'RhMa_26', 'RhMa_32', 'SiFl_7', 'TrCa_142', 'TrNi_23', 'TrSe_114',
       'TrZe_120', 'VoEm_163', 'ZeCu_62', 'ZeCu_74'],
      dtype='object')","Index(['AeAe_18', 'AmTr_35', 'AmTr_54', 'AnGa_11', 'AnGa_27', 'AnGa_33',
       'ApCe_60', 'ApCe_62', 'ApFl_107', 'ApFl_127', 'ApFl_75', 'ApFl_83',
       'BoTe_120', 'CaFl_166', 'CaFl_324', 'CaFl_394', 'CeCa_19', 'CeSo_24',
       'CoFl_104', 'CoFl_65', 'CoFl_72', 'CoFl_93', 'CyCo_176', 'DiQu_109',
       'DiQu_161', 'DrBu_15', 'DrBu_31', 'DrBu_58', 'DrBu_66', 'DrGr_27',
       'DrMo_42', 'DrVi_21', 'DrYa_49', 'HaLa_59', 'HaSa_161', 'HaSa_226',
       'HyKa_25', 'LiHu_219', 'MoPh_105', 'MoPh_143', 'OoBi_159', 'OoBi_162',
       'OoBi_220', 'PaMa_35', 'PaXu_55', 'PoDo_63', 'TrCa_133', 'TrCa_137',
       'TrCa_161', 'TrSe_143', 'TrSe_154', 'TrZe_153', 'VoEm_135', 'VoEm_196',
       'VoEm_241', 'VoEm_259', 'VoEm_345', 'VoEm_77', 'VoEm_82', 'WaAu_251'],
      dtype='object')","Index(['AeAe_33', 'AeAe_65', 'AeAe_70', 'AeAe_79', 'AeAe_84', 'AgPl_11',
       'AmTr_31', 'AnGa_65', 'ApCe_54', 'ApCe_94', 'ApFl_128', 'ApFl_130',
       'DrBi_39', 'DrBu_55', 'DrFi_20', 'DrPe_49', 'HaSa_115', 'MeRo_92',
       'RhMa_34', 'SiFl_9', 'TrNi_60', 'TrNi_62', 'TrSe_173', 'VaTa_36',
       'VoEm_252', 'ZeCu_46'],
      dtype='object')","Index(['AcEc_159', 'AeAe_62', 'AmTr_17', 'AmTr_18', 'AmTr_23', 'AmTr_50',
       'AnGa_20', 'AnGa_51', 'AnGa_66', 'ApCe_45', 'ApCe_73', 'ApCe_74',
       'ApCe_75', 'ApCe_91', 'ApFl_113', 'ApFl_132', 'ApMe_124', 'BoTe_130',
       'CaFl_293', 'CeCa_58', 'CiLe_26', 'CoFl_111', 'DiQu_211', 'DrAr_41',
       'DrBi_49', 'DrBu_33', 'DrEl_33', 'DrEl_36', 'DrEl_49', 'DrFi_35',
       'DrGr_26', 'HaSa_110', 'HaSa_116', 'HaSa_155', 'HaSa_157', 'HaSa_158',
       'HaSa_238', 'HeAr_27', 'HeAr_67', 'LiHu_95', 'MoPh_174', 'MoPh_181',
       'OoBi_95', 'RhMa_24', 'TrCa_169', 'TrZe_122', 'VaTa_25', 'VaTa_33',
       'VaTa_52', 'VoEm_186', 'VoEm_187', 'VoEm_192'],
      dtype='object')"
41,"['23425034', '163882', '6434971', '23427263']","Index(['AeAe_73', 'AgPl_10', 'AmTr_50', 'AmTr_55', 'AnGa_11', 'AnGa_58',
       'AtCo_164', 'CaFl_154', 'CaFl_159', 'CaFl_308', 'CiLe_26', 'CoFl_99',
       'CrSe_16', 'CyCo_104', 'CyCo_119', 'CyCo_200', 'DiQu_130', 'DrBi_44',
       'DrBi_49', 'DrBu_13', 'DrBu_43', 'DrEl_33', 'DrEr_24', 'DrFi_6',
       'DrPe_12', 'DrVi_11', 'DrVi_44', 'DrWi_41', 'DrWi_56', 'HaSa_110',
       'HeAr_29', 'HeAr_35', 'LiHu_138', 'LiHu_153', 'LiHu_99', 'MeRo_105',
       'MiDe_171', 'MoPh_102', 'MoPh_181', 'OoBi_340', 'PaXu_52', 'PoDo_82',
       'PoDo_98', 'TrCa_169', 'TrSe_153', 'TrZe_131', 'TrZe_172', 'VaTa_25',
       'VaTa_36', 'VoEm_163', 'VoEm_187', 'VoEm_192', 'WaAu_181', 'WaAu_188',
       'ZeCu_62', 'ZeCu_74'],
      dtype='object')","Index(['AcEc_199', 'AeAe_105', 'AeAe_32', 'AeAe_37', 'AeAe_41', 'AeAe_61',
       'AeAe_70', 'AeAe_79', 'AgPl_12', 'AmTr_23', 'AmTr_31', 'AmTr_32',
       'AmTr_51', 'AmTr_52', 'AnGa_12', 'AnGa_24', 'AnGa_33', 'AnGa_41',
       'AnGa_44', 'AnGa_45', 'AnGa_46', 'AnGa_47', 'AnGa_48', 'AnGa_49',
       'AnGa_51', 'AnGa_53', 'AnGa_54', 'AnGa_64', 'AnGa_8', 'ApCe_119',
       'ApCe_46', 'ApCe_47', 'ApCe_48', 'ApCe_54', 'ApCe_63', 'ApCe_72',
       'ApCe_73', 'ApCe_74', 'ApCe_83', 'ApCe_94', 'ApFl_128', 'ApFl_130',
       'ApFl_132', 'ApFl_26', 'ApMe_54', 'AtCo_160', 'CaFl_226', 'CaFl_303',
       'CaFl_394', 'CaFl_405', 'CaFl_408', 'CoFl_111', 'CoFl_66', 'CyCo_149',
       'CyCo_181', 'DiQu_108', 'DiQu_156', 'DrAr_39', 'DrBu_33', 'DrEl_41',
       'DrEl_49', 'DrMo_42', 'HaLa_59', 'HaLa_71', 'MoPh_100', 'MoPh_143',
       'MoPh_174', 'MoPh_180', 'OoBi_162', 'OoBi_311', 'PaPo_25', 'PaXu_9',
       'RhMa_23', 'TrCa_142', 'TrCa_162', 'TrCa_201', 'TrSe_173', 'VaTa_40',
       'VaTa_52', 'WaAu_119', 'WaAu_162', 'WaAu_166', 'WaAu_234', 'WaAu_236'],
      dtype='object')","Index(['ApCe_100', 'ApCe_62', 'AtCo_199', 'CeSo_24', 'CoFl_65', 'CoFl_72',
       'CyCo_148', 'DrBu_17', 'DrBu_68', 'DrEl_36', 'DrEr_51', 'HaSa_216',
       'HeAr_23', 'LiHu_195', 'LiHu_96', 'MoPh_105', 'RhMa_26', 'SiFl_16',
       'TrCa_155', 'TrNi_56', 'VaTa_29', 'VaTa_34', 'VoEm_214', 'VoEm_327',
       'WaAu_251'],
      dtype='object')","Index(['AeAe_33', 'AeAe_83', 'AnGa_32', 'ApCe_91', 'CaFl_392', 'CoFl_104',
       'DiQu_107', 'DiQu_109', 'DrAr_48', 'DrBu_10', 'DrBu_31', 'DrBu_40',
       'DrBu_45', 'DrGr_26', 'HaSa_157', 'HaSa_167', 'HaSa_226', 'HeAr_16',
       'HyKa_25', 'LiHu_212', 'OoBi_159', 'OoBi_220', 'PaMa_35', 'PaPo_46',
       'RhMa_34', 'TrCa_127', 'TrCa_133', 'TrCa_138', 'TrCa_161', 'TrNi_55',
       'TrNi_60', 'TrSe_143', 'VoEm_237', 'VoEm_252', 'VoEm_259', 'WaAu_190',
       'WaAu_214', 'ZeCu_52'],
      dtype='object')"
42,"['23425034', '163882', '6434971', '11530417']","Index(['AeAe_73', 'AgPl_10', 'AmTr_50', 'AnGa_11', 'AnGa_18', 'AnGa_58',
       'AnGa_66', 'AtCo_164', 'BoTe_59', 'CaFl_154', 'CiLe_26', 'CoFl_99',
       'CrSe_16', 'CyCo_104', 'CyCo_119', 'CyCo_200', 'DiQu_130', 'DrBi_44',
       'DrBi_49', 'DrBu_13', 'DrBu_43', 'DrEl_33', 'DrEr_24', 'DrFi_6',
       'DrPe_12', 'DrVi_11', 'DrVi_44', 'DrWi_41', 'HaLa_43', 'HaSa_110',
       'HaSa_122', 'HeAr_29', 'HeAr_35', 'LiHu_138', 'LiHu_153', 'LiHu_99',
       'MeRo_105', 'MiDe_171', 'MoPh_102', 'MoPh_181', 'OoBi_340', 'PaXu_52',
       'PoDo_82', 'PoDo_98', 'TrCa_169', 'TrNi_59', 'TrSe_153', 'TrZe_131',
       'TrZe_172', 'VaTa_25', 'VoEm_163', 'VoEm_187', 'VoEm_192', 'WaAu_181',
       'WaAu_188', 'ZeCu_62', 'ZeCu_74'],
      dtype='object')","Index(['AeAe_105', 'AeAe_32', 'AeAe_37', 'AeAe_41', 'AeAe_61', 'AeAe_62',
       'AeAe_70', 'AeAe_79', 'AgPl_12', 'AmTr_18', 'AmTr_23', 'AmTr_32',
       'AmTr_51', 'AmTr_52', 'AnGa_12', 'AnGa_24', 'AnGa_33', 'AnGa_41',
       'AnGa_44', 'AnGa_45', 'AnGa_46', 'AnGa_48', 'AnGa_49', 'AnGa_51',
       'AnGa_53', 'AnGa_64', 'AnGa_8', 'ApCe_119', 'ApCe_46', 'ApCe_47',
       'ApCe_54', 'ApCe_63', 'ApCe_72', 'ApCe_73', 'ApCe_74', 'ApCe_83',
       'ApFl_128', 'ApFl_132', 'ApFl_26', 'ApMe_54', 'AtCo_160', 'BaDo_30',
       'CaFl_226', 'CaFl_303', 'CaFl_394', 'CaFl_405', 'CaFl_408', 'CoFl_111',
       'CoFl_66', 'CyCo_149', 'CyCo_181', 'DiQu_108', 'DiQu_156', 'DrAr_39',
       'DrBu_33', 'DrEl_41', 'DrEl_49', 'DrMo_42', 'HaLa_71', 'MoPh_143',
       'MoPh_174', 'MoPh_180', 'OoBi_162', 'OoBi_311', 'PaPo_25', 'PaXu_9',
       'PoDo_63', 'RhMa_23', 'TrCa_142', 'TrCa_162', 'TrCa_201', 'VaTa_40',
       'VaTa_52', 'WaAu_119', 'WaAu_162', 'WaAu_166', 'WaAu_234', 'WaAu_236'],
      dtype='object')","Index(['ApCe_100', 'ApCe_62', 'ApFl_107', 'AtCo_199', 'BoIm_86', 'BoTe_75',
       'CeCa_58', 'CeSo_24', 'CoFl_65', 'CoFl_72', 'CyCo_148', 'DrAr_56',
       'DrBu_17', 'DrBu_44', 'DrBu_67', 'DrBu_68', 'DrEl_36', 'DrMo_52',
       'HeAr_19', 'HeAr_23', 'LiHu_195', 'LiHu_96', 'LiHu_98', 'MoPh_105',
       'RhMa_26', 'SiFl_16', 'TrCa_155', 'TrNi_56', 'VaTa_29', 'VaTa_34',
       'VoEm_327', 'WaAu_251'],
      dtype='object')","Index(['AeAe_33', 'AnGa_65', 'BoTe_77', 'CyCo_153', 'DiQu_107', 'DiQu_206',
       'DrBi_39', 'DrBu_10', 'DrBu_40', 'DrEl_60', 'DrFi_20', 'HaSa_115',
       'HaSa_167', 'HeAr_16', 'MeRo_92', 'PaMa_35', 'PaPo_46', 'PaXu_55',
       'RhMa_34', 'SiFl_9', 'TrCa_127', 'TrNi_60', 'VaTa_36', 'VoEm_237',
       'VoEm_252', 'ZeCu_46'],
      dtype='object')"
43,"['23425034', '163882', '6434971', '12187779']","Index(['AeAe_73', 'AmTr_50', 'AnGa_11', 'AnGa_18', 'AnGa_58', 'ApMe_124',
       'AtCo_164', 'CaFl_154', 'CaFl_159', 'CiLe_26', 'CoFl_99', 'CyCo_104',
       'CyCo_119', 'CyCo_200', 'DiQu_130', 'DrBi_44', 'DrBi_49', 'DrBu_13',
       'DrBu_43', 'DrEr_24', 'DrFi_6', 'DrVi_11', 'DrVi_44', 'DrWi_41',
       'DrWi_56', 'DuNo_23', 'HaSa_110', 'HeAr_35', 'LiHu_138', 'LiHu_153',
       'LiHu_99', 'MoPh_102', 'MoPh_181', 'OoBi_340', 'TrCa_169', 'TrSe_153',
       'TrSe_186', 'TrZe_131', 'TrZe_172', 'VaTa_25', 'VoEm_163', 'VoEm_187',
       'VoEm_192', 'WaAu_181', 'WaAu_188', 'ZeCu_62'],
      dtype='object')","Index(['AcEc_199', 'AeAe_105', 'AeAe_32', 'AeAe_37', 'AeAe_41', 'AeAe_61',
       'AeAe_70', 'AeAe_79', 'AgPl_12', 'AmTr_23', 'AmTr_31', 'AmTr_32',
       'AmTr_51', 'AnGa_12', 'AnGa_24', 'AnGa_33', 'AnGa_41', 'AnGa_44',
       'AnGa_45', 'AnGa_46', 'AnGa_48', 'AnGa_49', 'AnGa_53', 'AnGa_54',
       'AnGa_64', 'AnGa_8', 'ApCe_119', 'ApCe_44', 'ApCe_46', 'ApCe_47',
       'ApCe_48', 'ApCe_54', 'ApCe_63', 'ApCe_72', 'ApCe_73', 'ApCe_74',
       'ApCe_83', 'ApFl_128', 'ApFl_130', 'ApFl_132', 'ApFl_26', 'ApMe_54',
       'AtCo_160', 'BaDo_30', 'CaFl_226', 'CaFl_303', 'CaFl_405', 'CaFl_408',
       'CoFl_111', 'CoFl_66', 'CyCo_149', 'CyCo_181', 'DiQu_108', 'DiQu_156',
       'DrAr_39', 'DrBu_33', 'DrEl_41', 'DrEl_49', 'DrMo_42', 'HaLa_59',
       'HaLa_71', 'MoPh_174', 'OoBi_311', 'PaPo_25', 'PaPo_46', 'PaXu_9',
       'TrCa_162', 'TrCa_201', 'VaTa_40', 'VaTa_52', 'WaAu_162', 'WaAu_166',
       'WaAu_234', 'WaAu_236', 'ZeCu_46'],
      dtype='object')","Index(['AeAe_63', 'ApCe_100', 'ApCe_62', 'ApFl_107', 'AtCo_199', 'BoTe_74',
       'BoTe_75', 'CeSo_24', 'CyCo_148', 'DrAr_56', 'DrBu_17', 'DrBu_44',
       'DrBu_67', 'DrBu_68', 'DrEl_36', 'DrMo_52', 'HaSa_216', 'LiHu_195',
       'LiHu_98', 'MeRo_92', 'RhMa_26', 'TrCa_155', 'TrNi_56', 'VaTa_29',
       'VaTa_34', 'VoEm_214', 'WaAu_251'],
      dtype='object')","Index(['AeAe_83', 'ApCe_91', 'ApFl_83', 'ApMe_61', 'CaFl_166', 'CeCa_19',
       'CrSe_14', 'CyCo_176', 'DiQu_107', 'DrBu_15', 'DrBu_45', 'DrVi_55',
       'DuNo_20', 'HaLa_43', 'HaSa_100', 'HaSa_122', 'HaSa_167', 'HeAr_16',
       'LiHu_212', 'OoBi_159', 'OoBi_162', 'OoBi_220', 'PaXu_55', 'PoDo_73',
       'TrCa_127', 'VoEm_237', 'WaAu_163', 'WaAu_214'],
      dtype='object')"
44,"['23425034', '163882', '6434971', '340066']","Index(['AeAe_73', 'AgPl_10', 'AmTr_50', 'AnGa_11', 'AnGa_18', 'AtCo_164',
       'CoFl_99', 'CrSe_16', 'CyCo_104', 'CyCo_119', 'CyCo_200', 'DrBi_44',
       'DrBi_49', 'DrBu_13', 'DrBu_43', 'DrEr_24', 'DrFi_6', 'DrPe_12',
       'DrVi_11', 'DrVi_44', 'HaSa_122', 'HeAr_35', 'MeRo_105', 'MiDe_171',
       'MoPh_102', 'OoBi_340', 'PaXu_52', 'PoDo_82', 'PoDo_98', 'TrNi_59',
       'TrSe_153', 'TrZe_131', 'TrZe_172', 'VaTa_25', 'VoEm_163', 'WaAu_181',
       'WaAu_188', 'ZeCu_62', 'ZeCu_74'],
      dtype='object')","Index(['AeAe_105', 'AeAe_32', 'AeAe_37', 'AeAe_41', 'AeAe_61', 'AeAe_70',
       'AeAe_79', 'AgPl_12', 'AmTr_13', 'AmTr_23', 'AmTr_31', 'AmTr_32',
       'AmTr_51', 'AmTr_52', 'AnGa_12', 'AnGa_24', 'AnGa_33', 'AnGa_41',
       'AnGa_44', 'AnGa_45', 'AnGa_46', 'AnGa_48', 'AnGa_49', 'AnGa_53',
       'AnGa_64', 'AnGa_8', 'ApCe_119', 'ApCe_46', 'ApCe_47', 'ApCe_48',
       'ApCe_54', 'ApCe_63', 'ApCe_74', 'ApCe_83', 'ApCe_94', 'ApFl_128',
       'ApFl_130', 'ApFl_132', 'ApFl_26', 'ApMe_54', 'BaDo_30', 'CaFl_226',
       'CaFl_303', 'CaFl_394', 'CaFl_405', 'CaFl_408', 'CoFl_66', 'CyCo_149',
       'CyCo_181', 'DiQu_156', 'DrAr_39', 'DrEl_41', 'DrEl_49', 'DrMo_42',
       'HaLa_71', 'MoPh_143', 'MoPh_180', 'OoBi_311', 'PaPo_25', 'PaXu_9',
       'RhMa_23', 'TrCa_142', 'TrCa_162', 'TrCa_201', 'TrSe_173', 'VaTa_40',
       'VaTa_52', 'WaAu_119', 'WaAu_162', 'WaAu_166', 'WaAu_234', 'WaAu_236'],
      dtype='object')","Index(['AeAe_63', 'ApCe_100', 'ApCe_62', 'ApFl_107', 'AtCo_199', 'BoTe_74',
       'BoTe_75', 'CeSo_24', 'CoFl_65', 'CoFl_72', 'CyCo_148', 'DrAr_56',
       'DrBu_17', 'DrBu_68', 'DrEr_51', 'DrMo_52', 'DrWi_30', 'HeAr_23',
       'LiHu_195', 'LiHu_96', 'MoPh_105', 'RhMa_26', 'TrNi_56', 'VaTa_29',
       'VaTa_34', 'VoEm_252', 'WaAu_251'],
      dtype='object')","Index(['AmTr_17', 'ApCe_75', 'ApCe_91', 'ApFl_77', 'ApFl_83', 'ApMe_124',
       'BaDo_38', 'BoTe_77', 'CaFl_392', 'CrSe_14', 'CyCo_176', 'DiQu_107',
       'DrBu_10', 'DrBu_40', 'DrEl_60', 'DrFi_35', 'DuNo_20', 'HaSa_155',
       'HaSa_157', 'HaSa_167', 'HeAr_16', 'HeAr_67', 'LiHu_212', 'PaXu_55',
       'TrCa_127', 'TrNi_55', 'VoEm_186', 'VoEm_237', 'WaAu_190'],
      dtype='object')"
45,"['23425034', '163882', '21592256', '129775774']","Index(['AeAe_73', 'AeAe_98', 'AgPl_10', 'AmTr_15', 'AmTr_50', 'AnGa_11',
       'AnGa_18', 'ApFl_125', 'ApMe_124', 'AtCo_164', 'CaFl_154', 'CiLe_26',
       'CoFl_99', 'CrSe_16', 'CyCo_104', 'CyCo_119', 'CyCo_200', 'DrBi_44',
       'DrBi_49', 'DrBu_13', 'DrBu_43', 'DrEl_33', 'DrEr_24', 'DrEr_46',
       'DrFi_6', 'DrPe_12', 'DrVi_11', 'DrVi_44', 'DuNo_23', 'HaSa_110',
       'HeAr_35', 'LiHu_95', 'MeRo_105', 'MiDe_171', 'MoPh_102', 'MoPh_181',
       'OoBi_340', 'OoBi_95', 'PaMa_10', 'PaXu_52', 'PoDo_82', 'PoDo_98',
       'TrCa_169', 'TrSe_153', 'TrSe_186', 'TrZe_131', 'TrZe_172', 'VaTa_25',
       'VoEm_163', 'VoEm_187', 'WaAu_181', 'WaAu_188', 'ZeCu_62', 'ZeCu_74'],
      dtype='object')","Index(['AcEc_199', 'AeAe_32', 'AeAe_37', 'AeAe_41', 'AeAe_61', 'AeAe_70',
       'AeAe_79', 'AgPl_12', 'AmTr_12', 'AmTr_18', 'AmTr_32', 'AmTr_51',
       'AnGa_12', 'AnGa_24', 'AnGa_41', 'AnGa_44', 'AnGa_45', 'AnGa_48',
       'AnGa_49', 'AnGa_51', 'AnGa_64', 'AnGa_8', 'ApCe_119', 'ApCe_46',
       'ApCe_47', 'ApCe_54', 'ApCe_63', 'ApCe_73', 'ApCe_74', 'ApCe_94',
       'ApFl_128', 'ApFl_130', 'ApFl_132', 'ApFl_26', 'BaDo_30', 'CaFl_226',
       'CaFl_303', 'CaFl_405', 'CaFl_408', 'CoFl_111', 'CoFl_66', 'CyCo_149',
       'CyCo_181', 'DiQu_156', 'DrBu_33', 'DrEl_41', 'DrEl_49', 'HaLa_71',
       'HaSa_116', 'MoPh_174', 'MoPh_180', 'OoBi_311', 'PaPo_25', 'PaXu_9',
       'RhMa_23', 'RhMa_29', 'TrCa_142', 'TrCa_162', 'TrCa_201', 'TrSe_173',
       'VaTa_52', 'VoEm_195', 'WaAu_119', 'WaAu_162', 'WaAu_166', 'WaAu_234',
       'WaAu_236'],
      dtype='object')","Index(['AcEc_119', 'AmTr_13', 'AmTr_40', 'AmTr_52', 'ApCe_100', 'ApCe_91',
       'AtCo_199', 'CeCa_58', 'CyCo_199', 'DiQu_107', 'DrBu_10', 'DrBu_31',
       'DrBu_45', 'DrEr_51', 'DrVi_18', 'DrVi_55', 'HeAr_16', 'LiHu_195',
       'RhMa_34', 'SiFl_11', 'SiFl_9', 'TrNi_56', 'TrNi_59', 'TrNi_60',
       'VaTa_29', 'VoEm_252', 'WaAu_214'],
      dtype='object')","Index(['AeAe_18', 'AmTr_35', 'AmTr_54', 'ApCe_60', 'ApFl_127', 'ApFl_75',
       'ApFl_83', 'BaDo_38', 'BoIm_86', 'BoTe_74', 'BoTe_77', 'CaFl_166',
       'CaFl_324', 'CeCa_19', 'CoFl_72', 'CoFl_93', 'CrSe_14', 'CyCo_153',
       'CyCo_176', 'DiQu_109', 'DiQu_161', 'DiQu_206', 'DrBu_15', 'DrBu_66',
       'DrGr_27', 'DrVi_21', 'DrWi_30', 'DuNo_20', 'HaLa_59', 'HaSa_161',
       'HaSa_216', 'HaSa_226', 'HyKa_25', 'LiHu_212', 'MoPh_105', 'OoBi_159',
       'OoBi_162', 'OoBi_220', 'PaMa_35', 'PaXu_55', 'PoDo_63', 'TrCa_127',
       'TrCa_133', 'TrCa_137', 'TrCa_161', 'TrNi_55', 'TrSe_143', 'TrSe_154',
       'TrZe_153', 'VoEm_196', 'VoEm_214', 'VoEm_241', 'VoEm_327', 'VoEm_345',
       'VoEm_77', 'VoEm_82', 'WaAu_251'],
      dtype='object')"
46,"['23425034', '163882', '129775774', '49799338']","Index(['AgPl_10', 'AmTr_50', 'AmTr_55', 'AnGa_11', 'AnGa_18', 'AnGa_58',
       'ApFl_113', 'ApFl_125', 'CaFl_154', 'CeSo_33', 'CiLe_26', 'CoFl_99',
       'CrSe_16', 'CyCo_104', 'CyCo_119', 'CyCo_200', 'DrBi_44', 'DrEl_33',
       'DrFi_6', 'HaSa_110', 'HeAr_35', 'MoPh_102', 'OoBi_95', 'PaXu_52',
       'PoDo_82', 'TrCa_169', 'TrNi_53', 'TrZe_131', 'TrZe_172', 'VoEm_187',
       'VoEm_192', 'WaAu_181', 'WaAu_188'],
      dtype='object')","Index(['AeAe_105', 'AeAe_32', 'AeAe_37', 'AeAe_41', 'AeAe_61', 'AeAe_70',
       'AgPl_12', 'AmTr_12', 'AmTr_32', 'AnGa_24', 'AnGa_44', 'AnGa_45',
       'AnGa_49', 'AnGa_51', 'AnGa_8', 'ApCe_119', 'ApCe_47', 'ApCe_54',
       'ApCe_63', 'ApCe_74', 'ApFl_128', 'ApFl_130', 'ApFl_132', 'ApMe_54',
       'BaDo_30', 'CaFl_226', 'CaFl_303', 'CaFl_405', 'CaFl_408', 'CoFl_111',
       'CyCo_181', 'DiQu_156', 'DrBu_33', 'HaLa_71', 'HaSa_116', 'MoPh_180',
       'PaPo_25', 'PaXu_9', 'TrCa_162', 'VoEm_195', 'WaAu_162', 'WaAu_236'],
      dtype='object')","Index(['AeAe_18', 'AmTr_35', 'AmTr_54', 'ApCe_60', 'ApFl_83', 'BaDo_38',
       'BoIm_86', 'BoTe_120', 'BoTe_77', 'CeSo_24', 'CrSe_14', 'CyCo_176',
       'DiQu_161', 'DrBu_66', 'HaLa_59', 'HaSa_161', 'HaSa_226', 'LiHu_212',
       'MoPh_105', 'OoBi_159', 'OoBi_162', 'TrCa_127', 'TrCa_133', 'TrCa_137',
       'TrCa_161', 'VoEm_241', 'VoEm_327', 'VoEm_345', 'VoEm_77', 'VoEm_82'],
      dtype='object')","Index(['AcEc_119', 'AeAe_31', 'AeAe_42', 'AeAe_93', 'AgPl_13', 'AmTr_13',
       'AmTr_14', 'AmTr_17', 'AmTr_18', 'AmTr_37',
       ...
       'VaTa_21', 'VaTa_29', 'VaTa_31', 'VaTa_34', 'VoEm_237', 'VoEm_242',
       'WaAu_163', 'WaAu_190', 'WaAu_214', 'ZeCu_46'],
      dtype='object', length=121)"
47,"['23425034', '163882', '11530417', '12187779']","Index(['AeAe_73', 'AmTr_50', 'AnGa_11', 'AnGa_18', 'AnGa_58', 'AtCo_164',
       'CaFl_154', 'CaFl_174', 'CeSo_13', 'CeSo_33', 'CiLe_24', 'CiLe_26',
       'CoFl_99', 'CyCo_104', 'CyCo_119', 'CyCo_200', 'DiQu_130', 'DrBi_44',
       'DrBi_49', 'DrBu_13', 'DrBu_43', 'DrEr_24', 'DrEr_46', 'DrFi_6',
       'DrVi_11', 'DrVi_44', 'DrWi_41', 'HaSa_110', 'HeAr_35', 'LiHu_138',
       'LiHu_153', 'LiHu_99', 'MoPh_102', 'MoPh_103', 'MoPh_181', 'OoBi_340',
       'TrCa_169', 'TrSe_153', 'TrZe_131', 'TrZe_172', 'VaTa_25', 'VoEm_125',
       'VoEm_144', 'VoEm_163', 'VoEm_187', 'VoEm_192', 'WaAu_181', 'WaAu_188',
       'ZeCu_62'],
      dtype='object')","Index(['AeAe_105', 'AeAe_32', 'AeAe_37', 'AeAe_41', 'AeAe_61', 'AeAe_70',
       'AeAe_79', 'AgPl_12', 'AmTr_23', 'AmTr_32', 'AmTr_51', 'AnGa_12',
       'AnGa_24', 'AnGa_33', 'AnGa_41', 'AnGa_44', 'AnGa_45', 'AnGa_46',
       'AnGa_48', 'AnGa_49', 'AnGa_53', 'AnGa_64', 'AnGa_8', 'ApCe_119',
       'ApCe_46', 'ApCe_47', 'ApCe_54', 'ApCe_63', 'ApCe_72', 'ApCe_73',
       'ApCe_74', 'ApCe_83', 'ApFl_128', 'ApFl_132', 'ApFl_26', 'ApMe_54',
       'AtCo_160', 'BaDo_30', 'CaFl_226', 'CaFl_303', 'CaFl_405', 'CaFl_408',
       'CoFl_111', 'CoFl_66', 'CyCo_149', 'CyCo_181', 'DiQu_108', 'DiQu_156',
       'DrAr_39', 'DrBu_33', 'DrEl_41', 'DrEl_49', 'DrMo_42', 'HaLa_71',
       'HaSa_116', 'LiHu_219', 'MoPh_174', 'OoBi_311', 'PaPo_25', 'PaXu_9',
       'TrCa_162', 'TrCa_201', 'VaTa_40', 'VaTa_52', 'WaAu_162', 'WaAu_166',
       'WaAu_234', 'WaAu_236'],
      dtype='object')","Index(['AeAe_33', 'AeAe_63', 'AnGa_65', 'BoTe_74', 'BoTe_77', 'CyCo_153',
       'DiQu_206', 'DrBi_39', 'DrBu_10', 'DrBu_40', 'DrEl_60', 'DrFi_20',
       'HaSa_115', 'HaSa_216', 'MeRo_92', 'PaMa_35', 'PaPo_46', 'RhMa_28',
       'RhMa_34', 'SiFl_9', 'TrNi_56', 'TrNi_60', 'VaTa_36', 'VoEm_214',
       'VoEm_252', 'ZeCu_46'],
      dtype='object')","Index(['AeAe_83', 'ApCe_91', 'ApFl_83', 'ApMe_61', 'BoIm_86', 'CaFl_166',
       'CeCa_19', 'CeCa_58', 'CoFl_65', 'CoFl_72', 'CrSe_14', 'CyCo_176',
       'DrBu_15', 'DrBu_45', 'DrVi_55', 'DuNo_20', 'HaLa_43', 'HaSa_100',
       'HaSa_122', 'HeAr_19', 'HeAr_23', 'LiHu_212', 'LiHu_96', 'MoPh_105',
       'OoBi_159', 'OoBi_162', 'OoBi_220', 'PoDo_73', 'SiFl_16', 'VoEm_327',
       'WaAu_163', 'WaAu_214'],
      dtype='object')"
48,"['23425034', '6434971', '23427263', '11530417']","Index(['AcEc_159', 'AeAe_35', 'AeAe_37', 'AeAe_44', 'AeAe_61', 'AeAe_73',
       'AgPl_10', 'AmTr_50', 'AnGa_11', 'AnGa_14',
       ...
       'VoEm_163', 'VoEm_187', 'VoEm_192', 'VoEm_78', 'WaAu_160', 'WaAu_162',
       'WaAu_181', 'WaAu_188', 'ZeCu_62', 'ZeCu_74'],
      dtype='object', length=109)","Index(['AnGa_64', 'ApCe_100', 'ApCe_62', 'AtCo_199', 'CeSo_24', 'CoFl_65',
       'CoFl_72', 'CyCo_148', 'DrBu_17', 'DrBu_68', 'DrEl_36', 'HaSa_116',
       'HeAr_23', 'LiHu_195', 'LiHu_96', 'MoPh_105', 'RhMa_26', 'RhMa_29',
       'SiFl_16', 'TrCa_155', 'TrNi_56', 'VaTa_29', 'VaTa_34', 'VoEm_327',
       'WaAu_251'],
      dtype='object')","Index(['AeAe_62', 'AeAe_83', 'AmTr_18', 'AnGa_32', 'ApCe_91', 'BaDo_30',
       'CaFl_392', 'CoFl_104', 'DiQu_109', 'DrAr_48', 'DrBu_31', 'DrBu_45',
       'DrGr_26', 'HaSa_157', 'HaSa_226', 'HyKa_25', 'LiHu_212', 'MoPh_178',
       'OoBi_159', 'OoBi_220', 'PoDo_63', 'TrCa_133', 'TrCa_138', 'TrCa_161',
       'TrNi_55', 'TrSe_143', 'VoEm_259', 'WaAu_190', 'WaAu_214', 'ZeCu_52'],
      dtype='object')","Index(['AcEc_199', 'AeAe_84', 'AgPl_12', 'AmTr_31', 'AnGa_24', 'AnGa_47',
       'AnGa_54', 'AnGa_65', 'ApCe_48', 'ApCe_54', 'ApCe_94', 'ApFl_130',
       'ApMe_54', 'BoTe_77', 'CyCo_153', 'DiQu_206', 'DrBi_39', 'DrEl_60',
       'DrFi_20', 'HaLa_59', 'HaSa_115', 'MeRo_92', 'MoPh_100', 'PaXu_55',
       'SiFl_9', 'TrSe_173', 'VaTa_36', 'ZeCu_46'],
      dtype='object')"
49,"['23425034', '6434971', '11530417', '12187779']","Index(['AcEc_159', 'AeAe_35', 'AeAe_37', 'AeAe_41', 'AeAe_44', 'AeAe_73',
       'AmTr_50', 'AnGa_11', 'AnGa_14', 'AnGa_18', 'AnGa_27', 'AnGa_28',
       'AnGa_37', 'AnGa_43', 'AnGa_58', 'AnGa_59', 'ApCe_45', 'ApCe_63',
       'ApCe_66', 'ApCe_81', 'ApFl_122', 'AtCo_164', 'BoIm_51', 'BoTe_130',
       'CaFl_154', 'CiLe_26', 'CoFl_99', 'CyCo_104', 'CyCo_119', 'CyCo_180',
       'CyCo_200', 'DiQu_130', 'DiQu_211', 'DiQu_98', 'DrAr_27', 'DrAr_41',
       'DrBi_44', 'DrBi_49', 'DrBu_13', 'DrBu_43', 'DrEl_41', 'DrEr_24',
       'DrFi_54', 'DrFi_57', 'DrFi_6', 'DrGr_60', 'DrVi_11', 'DrVi_44',
       'DrWi_41', 'HaSa_110', 'HaSa_125', 'HaSa_238', 'HeAr_27', 'HeAr_35',
       'HyKa_34', 'LiHu_138', 'LiHu_153', 'LiHu_99', 'MoPh_102', 'MoPh_118',
       'MoPh_181', 'OoBi_340', 'PaXu_18', 'PaXu_28', 'RhMa_31', 'RhMa_32',
       'SiFl_7', 'TrCa_169', 'TrSe_153', 'TrZe_122', 'TrZe_130', 'TrZe_131',
       'TrZe_172', 'VaTa_25', 'VaTa_33', 'VaTa_50', 'VoEm_138', 'VoEm_163',
       'VoEm_187', 'VoEm_192', 'WaAu_160', 'WaAu_181', 'WaAu_188', 'ZeCu_62'],
      dtype='object')","Index(['AnGa_64', 'ApCe_100', 'ApCe_62', 'ApFl_107', 'AtCo_199', 'BoTe_75',
       'CeSo_24', 'CyCo_148', 'DrAr_56', 'DrBu_17', 'DrBu_44', 'DrBu_67',
       'DrBu_68', 'DrEl_36', 'DrMo_52', 'HaSa_116', 'LiHu_195', 'LiHu_219',
       'LiHu_98', 'RhMa_26', 'TrCa_155', 'TrNi_56', 'VaTa_29', 'VaTa_34',
       'WaAu_251'],
      dtype='object')","Index(['AcEc_199', 'AeAe_33', 'AeAe_84', 'AgPl_12', 'AmTr_31', 'AnGa_54',
       'AnGa_65', 'ApCe_44', 'ApCe_47', 'ApCe_48', 'ApCe_54', 'ApFl_130',
       'ApMe_54', 'BoTe_77', 'CyCo_153', 'DiQu_206', 'DrBi_39', 'DrBu_10',
       'DrBu_40', 'DrEl_60', 'DrFi_20', 'HaLa_59', 'HaSa_115', 'MeRo_92',
       'PaMa_35', 'PaPo_46', 'RhMa_34', 'SiFl_9', 'TrNi_60', 'VaTa_36',
       'VoEm_252', 'ZeCu_46'],
      dtype='object')","Index(['AeAe_62', 'AeAe_83', 'AmTr_18', 'AmTr_52', 'AnGa_51', 'ApCe_91',
       'ApFl_83', 'ApMe_61', 'CaFl_166', 'CaFl_394', 'CeCa_19', 'CrSe_14',
       'CyCo_176', 'DrBu_15', 'DrBu_45', 'DrVi_55', 'DuNo_20', 'HaLa_43',
       'HaSa_100', 'HaSa_122', 'LiHu_212', 'MoPh_143', 'MoPh_180', 'OoBi_159',
       'OoBi_162', 'OoBi_220', 'PoDo_63', 'PoDo_73', 'RhMa_23', 'TrCa_142',
       'WaAu_119', 'WaAu_163', 'WaAu_214'],
      dtype='object')"
50,"['23425034', '23427263', '11530417', '12187779']","Index(['AcEc_159', 'AeAe_35', 'AeAe_37', 'AeAe_44', 'AeAe_69', 'AeAe_73',
       'AmTr_14', 'AmTr_50', 'AnGa_11', 'AnGa_14', 'AnGa_27', 'AnGa_28',
       'AnGa_37', 'AnGa_58', 'AnGa_59', 'ApCe_45', 'ApCe_63', 'ApCe_66',
       'ApCe_74', 'ApCe_81', 'ApFl_122', 'ApMe_90', 'AtCo_164', 'BoTe_130',
       'CaFl_154', 'CaFl_248', 'CaFl_263', 'CeSo_33', 'CiLe_24', 'CiLe_26',
       'CoFl_99', 'CyCo_104', 'CyCo_119', 'CyCo_180', 'CyCo_200', 'DiQu_130',
       'DiQu_211', 'DiQu_98', 'DrAr_27', 'DrBi_44', 'DrBi_49', 'DrBu_13',
       'DrBu_43', 'DrEl_41', 'DrEr_24', 'DrEr_46', 'DrFi_54', 'DrFi_57',
       'DrFi_6', 'DrGr_60', 'DrVi_11', 'DrVi_44', 'DrWi_41', 'HaSa_110',
       'HaSa_125', 'HaSa_238', 'HeAr_27', 'HeAr_35', 'HyKa_34', 'LiHu_138',
       'LiHu_153', 'LiHu_99', 'MoPh_102', 'MoPh_103', 'MoPh_118', 'MoPh_181',
       'OoBi_340', 'PaXu_18', 'PaXu_28', 'RhMa_24', 'RhMa_31', 'RhMa_32',
       'SiFl_7', 'TrCa_169', 'TrSe_153', 'TrZe_120', 'TrZe_122', 'TrZe_130',
       'TrZe_131', 'TrZe_172', 'VaTa_25', 'VaTa_33', 'VaTa_50', 'VoEm_138',
       'VoEm_144', 'VoEm_163', 'VoEm_187', 'VoEm_192', 'WaAu_160', 'WaAu_181',
       'WaAu_188', 'ZeCu_62'],
      dtype='object')","Index(['AnGa_32', 'ApFl_107', 'BaDo_30', 'BoTe_75', 'CaFl_392', 'CoFl_104',
       'DiQu_109', 'DrAr_48', 'DrAr_56', 'DrBu_31', 'DrBu_44', 'DrBu_67',
       'DrGr_26', 'DrMo_52', 'HaSa_157', 'HaSa_226', 'HyKa_25', 'LiHu_219',
       'LiHu_98', 'MoPh_178', 'TrCa_133', 'TrCa_138', 'TrCa_161', 'TrNi_55',
       'TrSe_143', 'VoEm_259', 'WaAu_190', 'ZeCu_52'],
      dtype='object')","Index(['AcEc_199', 'AeAe_70', 'AeAe_84', 'AgPl_12', 'AmTr_31', 'AnGa_54',
       'AnGa_65', 'ApCe_48', 'ApCe_54', 'ApCe_64', 'ApFl_130', 'ApFl_74',
       'ApMe_54', 'BoTe_77', 'CyCo_153', 'DiQu_206', 'DrBi_39', 'DrEl_60',
       'DrFi_20', 'HaLa_59', 'HaSa_115', 'HaSa_216', 'MeRo_92', 'RhMa_28',
       'SiFl_9', 'TrNi_56', 'VaTa_36', 'VoEm_214', 'ZeCu_46'],
      dtype='object')","Index(['AmTr_52', 'AnGa_51', 'ApFl_83', 'ApMe_61', 'CaFl_166', 'CaFl_394',
       'CeCa_19', 'CoFl_65', 'CoFl_72', 'CrSe_14', 'CyCo_176', 'DrBu_15',
       'DrVi_55', 'DuNo_20', 'HaLa_43', 'HaSa_100', 'HaSa_122', 'HeAr_23',
       'LiHu_96', 'MoPh_105', 'MoPh_143', 'MoPh_180', 'OoBi_162', 'PoDo_73',
       'RhMa_23', 'RhMa_29', 'SiFl_16', 'TrCa_142', 'VoEm_327', 'WaAu_119',
       'WaAu_163'],
      dtype='object')"
51,"['23425034', '23427263', '12187779', '340066']","Index(['AeAe_35', 'AeAe_37', 'AeAe_44', 'AeAe_65', 'AeAe_69', 'AeAe_73',
       'AgPl_11', 'AmTr_14', 'AmTr_50', 'AnGa_11', 'AnGa_13', 'AnGa_14',
       'AnGa_27', 'AnGa_28', 'AnGa_37', 'AnGa_59', 'ApCe_63', 'ApCe_81',
       'ApFl_122', 'AtCo_164', 'BoTe_130', 'CeSo_33', 'CoFl_99', 'CyCo_104',
       'CyCo_119', 'CyCo_180', 'CyCo_200', 'DiQu_98', 'DrAr_43', 'DrBi_44',
       'DrBi_49', 'DrBu_13', 'DrBu_43', 'DrBu_55', 'DrEl_41', 'DrEr_24',
       'DrEr_46', 'DrFi_54', 'DrFi_57', 'DrFi_6', 'DrGr_60', 'DrVi_11',
       'DrVi_44', 'HaSa_125', 'HeAr_35', 'HeAr_66', 'HyKa_34', 'MoPh_102',
       'MoPh_118', 'OoBi_340', 'PaXu_18', 'PaXu_28', 'RhMa_31', 'RhMa_32',
       'SiFl_7', 'TrSe_153', 'TrZe_120', 'TrZe_130', 'TrZe_131', 'TrZe_172',
       'VaTa_25', 'VaTa_50', 'VoEm_138', 'VoEm_163', 'WaAu_181', 'WaAu_188',
       'ZeCu_62'],
      dtype='object')","Index(['AeAe_33', 'AeAe_63', 'AnGa_32', 'ApFl_107', 'BaDo_30', 'BoTe_74',
       'BoTe_75', 'CoFl_104', 'DiQu_109', 'DrAr_48', 'DrAr_56', 'DrBu_31',
       'DrGr_26', 'DrMo_52', 'HaSa_226', 'HyKa_25', 'LiHu_219', 'MoPh_178',
       'PaMa_35', 'PaPo_46', 'RhMa_34', 'TrCa_133', 'TrCa_138', 'TrCa_161',
       'TrNi_60', 'TrSe_143', 'VoEm_252', 'VoEm_259', 'ZeCu_52'],
      dtype='object')","Index(['AmTr_52', 'ApCe_94', 'ApMe_61', 'CaFl_166', 'CaFl_394', 'CeCa_19',
       'CoFl_65', 'CoFl_72', 'DrBu_15', 'DrEr_51', 'DrVi_55', 'HaLa_43',
       'HaSa_100', 'HaSa_122', 'HeAr_23', 'LiHu_96', 'MoPh_105', 'MoPh_143',
       'MoPh_180', 'OoBi_162', 'PoDo_73', 'RhMa_23', 'RhMa_29', 'TrCa_142',
       'TrSe_173', 'WaAu_119', 'WaAu_163'],
      dtype='object')","Index(['AcEc_199', 'AgPl_12', 'AmTr_17', 'AnGa_54', 'AnGa_64', 'ApCe_64',
       'ApCe_72', 'ApCe_73', 'ApCe_75', 'ApFl_77', 'ApMe_124', 'ApMe_54',
       'AtCo_160', 'BaDo_38', 'BoTe_77', 'CaFl_226', 'CoFl_111', 'DiQu_108',
       'DrBu_33', 'DrEl_36', 'DrEl_60', 'DrFi_35', 'HaLa_59', 'HaSa_116',
       'HaSa_155', 'HaSa_216', 'HeAr_67', 'MoPh_174', 'RhMa_28', 'TrCa_155',
       'TrNi_56', 'VaTa_52', 'VoEm_186', 'VoEm_214'],
      dtype='object')"
52,"['23425034', '11530417', '12187779', '340066']","Index(['AeAe_35', 'AeAe_37', 'AeAe_44', 'AeAe_69', 'AeAe_73', 'AmTr_14',
       'AmTr_50', 'AnGa_11', 'AnGa_14', 'AnGa_18', 'AnGa_27', 'AnGa_28',
       'AnGa_37', 'AnGa_43', 'AnGa_59', 'ApCe_63', 'ApCe_81', 'ApFl_122',
       'AtCo_164', 'BoIm_51', 'BoTe_130', 'CeSo_33', 'CoFl_99', 'CyCo_104',
       'CyCo_119', 'CyCo_180', 'CyCo_200', 'DiQu_98', 'DrBi_44', 'DrBi_49',
       'DrBu_13', 'DrBu_43', 'DrEl_41', 'DrEr_24', 'DrEr_46', 'DrFi_54',
       'DrFi_57', 'DrFi_6', 'DrGr_60', 'DrVi_11', 'DrVi_44', 'HaSa_125',
       'HeAr_35', 'HyKa_34', 'MoPh_102', 'MoPh_118', 'OoBi_340', 'PaXu_18',
       'PaXu_28', 'RhMa_31', 'RhMa_32', 'SiFl_7', 'TrSe_153', 'TrZe_120',
       'TrZe_130', 'TrZe_131', 'TrZe_172', 'VaTa_25', 'VaTa_50', 'VoEm_138',
       'VoEm_163', 'WaAu_181', 'WaAu_188', 'ZeCu_62'],
      dtype='object')","Index(['AeAe_33', 'AeAe_63', 'AeAe_70', 'AeAe_84', 'AmTr_31', 'AnGa_65',
       'ApCe_48', 'ApCe_54', 'ApFl_130', 'ApFl_74', 'BoTe_74', 'CyCo_153',
       'DiQu_206', 'DrBi_39', 'DrFi_20', 'HaSa_115', 'MeRo_92', 'MoPh_178',
       'PaMa_35', 'PaPo_46', 'RhMa_34', 'SiFl_9', 'TrNi_60', 'VaTa_36',
       'VoEm_252', 'ZeCu_46'],
      dtype='object')","Index(['AeAe_83', 'AmTr_52', 'ApMe_61', 'CaFl_166', 'CaFl_394', 'CeCa_19',
       'CoFl_65', 'CoFl_72', 'DrBu_15', 'DrBu_45', 'DrVi_55', 'HaLa_43',
       'HaSa_100', 'HaSa_122', 'HeAr_23', 'LiHu_96', 'MoPh_105', 'MoPh_143',
       'MoPh_180', 'OoBi_159', 'OoBi_162', 'OoBi_220', 'PoDo_73', 'RhMa_23',
       'RhMa_29', 'TrCa_142', 'WaAu_119', 'WaAu_163', 'WaAu_214'],
      dtype='object')","Index(['AmTr_17', 'AnGa_64', 'ApCe_72', 'ApCe_73', 'ApCe_75', 'ApFl_77',
       'ApMe_124', 'AtCo_160', 'BaDo_38', 'CaFl_226', 'CaFl_392', 'CoFl_111',
       'DiQu_108', 'DrBu_33', 'DrBu_44', 'DrBu_67', 'DrEl_36', 'DrFi_35',
       'HaSa_116', 'HaSa_155', 'HaSa_157', 'HeAr_67', 'LiHu_98', 'MoPh_174',
       'TrCa_155', 'TrNi_55', 'VaTa_52', 'VoEm_186', 'WaAu_190'],
      dtype='object')"
53,"['163882', '6434971', '23427263', '12187779']","Index(['AcEc_199', 'AeAe_105', 'AeAe_32', 'AeAe_35', 'AeAe_37', 'AeAe_41',
       'AeAe_42', 'AeAe_61', 'AeAe_65', 'AeAe_70',
       ...
       'VaTa_33', 'VaTa_40', 'VaTa_50', 'VaTa_52', 'VoEm_138', 'WaAu_160',
       'WaAu_162', 'WaAu_166', 'WaAu_234', 'WaAu_236'],
      dtype='object', length=107)","Index(['AmTr_16', 'ApCe_100', 'ApCe_62', 'AtCo_199', 'CeSo_24', 'CeSo_33',
       'CiLe_24', 'CyCo_148', 'DrBu_17', 'DrBu_68', 'DrEl_36', 'DrEr_46',
       'HaSa_216', 'HeAr_66', 'LiHu_110', 'LiHu_195', 'MoPh_103', 'RhMa_26',
       'TrCa_155', 'TrCa_192', 'TrNi_56', 'VaTa_29', 'VaTa_34', 'VoEm_144',
       'VoEm_214', 'WaAu_251'],
      dtype='object')","Index(['AeAe_33', 'AnGa_18', 'AnGa_32', 'ApMe_124', 'CaFl_392', 'CoFl_104',
       'DiQu_109', 'DrAr_48', 'DrBu_10', 'DrBu_31', 'DrBu_40', 'DrGr_26',
       'DuNo_23', 'HaSa_157', 'HaSa_226', 'HyKa_25', 'PaMa_35', 'PaPo_46',
       'RhMa_34', 'TrCa_133', 'TrCa_138', 'TrCa_161', 'TrNi_55', 'TrNi_60',
       'TrSe_143', 'TrSe_186', 'VoEm_252', 'VoEm_259', 'WaAu_190', 'ZeCu_52'],
      dtype='object')","Index(['AgPl_10', 'AmTr_55', 'ApFl_83', 'ApMe_61', 'CaFl_166', 'CaFl_308',
       'CeCa_19', 'CrSe_14', 'CrSe_16', 'CyCo_176', 'DrBu_15', 'DrEl_33',
       'DrPe_12', 'DrVi_55', 'DuNo_20', 'HaLa_43', 'HaSa_100', 'HaSa_122',
       'HeAr_29', 'MeRo_105', 'MiDe_171', 'OoBi_162', 'PaXu_52', 'PaXu_55',
       'PoDo_73', 'PoDo_82', 'PoDo_98', 'VaTa_36', 'WaAu_163', 'ZeCu_74'],
      dtype='object')"
54,"['163882', '6434971', '23427263', '340066']","Index(['AeAe_105', 'AeAe_32', 'AeAe_35', 'AeAe_37', 'AeAe_41', 'AeAe_61',
       'AeAe_65', 'AeAe_70', 'AeAe_73', 'AeAe_79',
       ...
       'TrZe_130', 'VaTa_40', 'VaTa_50', 'VaTa_52', 'VoEm_138', 'WaAu_119',
       'WaAu_162', 'WaAu_166', 'WaAu_234', 'WaAu_236'],
      dtype='object', length=104)","Index(['ApCe_100', 'ApCe_62', 'ApFl_125', 'AtCo_199', 'BoTe_120', 'CeSo_24',
       'CeSo_33', 'CoFl_65', 'CoFl_72', 'CyCo_148', 'DrBu_17', 'DrBu_58',
       'DrBu_68', 'DrEr_46', 'DrEr_51', 'DrYa_49', 'HeAr_23', 'HeAr_66',
       'LiHu_195', 'LiHu_96', 'MoPh_105', 'PaMa_10', 'RhMa_26', 'TrNi_56',
       'VaTa_29', 'VaTa_34', 'WaAu_251'],
      dtype='object')","Index(['AeAe_33', 'AeAe_83', 'AnGa_18', 'AnGa_32', 'CoFl_104', 'DiQu_109',
       'DrAr_48', 'DrBu_31', 'DrBu_45', 'DrGr_26', 'HaSa_122', 'HaSa_226',
       'HyKa_25', 'OoBi_159', 'OoBi_220', 'PaMa_35', 'PaPo_46', 'RhMa_34',
       'TrCa_133', 'TrCa_138', 'TrCa_161', 'TrNi_59', 'TrNi_60', 'TrSe_143',
       'VoEm_252', 'VoEm_259', 'WaAu_214', 'ZeCu_52'],
      dtype='object')","Index(['AmTr_17', 'AmTr_55', 'AnGa_58', 'ApCe_75', 'ApFl_77', 'ApFl_83',
       'ApMe_124', 'BaDo_38', 'BoTe_77', 'CaFl_154', 'CaFl_159', 'CaFl_308',
       'CiLe_26', 'CrSe_14', 'CyCo_176', 'DiQu_130', 'DrEl_33', 'DrEl_60',
       'DrFi_35', 'DrWi_41', 'DrWi_56', 'DuNo_20', 'HaSa_110', 'HaSa_155',
       'HeAr_29', 'HeAr_67', 'LiHu_138', 'LiHu_153', 'LiHu_99', 'MoPh_181',
       'PaXu_55', 'TrCa_169', 'VaTa_36', 'VoEm_186', 'VoEm_187', 'VoEm_192'],
      dtype='object')"
55,"['163882', '6434971', '11530417', '12187779']","Index(['AeAe_105', 'AeAe_32', 'AeAe_35', 'AeAe_37', 'AeAe_41', 'AeAe_61',
       'AeAe_70', 'AeAe_73', 'AeAe_79', 'AgPl_12', 'AmTr_23', 'AmTr_32',
       'AmTr_51', 'AnGa_11', 'AnGa_12', 'AnGa_24', 'AnGa_27', 'AnGa_28',
       'AnGa_33', 'AnGa_41', 'AnGa_43', 'AnGa_44', 'AnGa_45', 'AnGa_46',
       'AnGa_48', 'AnGa_49', 'AnGa_53', 'AnGa_59', 'AnGa_64', 'AnGa_8',
       'ApCe_119', 'ApCe_45', 'ApCe_46', 'ApCe_47', 'ApCe_54', 'ApCe_63',
       'ApCe_66', 'ApCe_72', 'ApCe_73', 'ApCe_74', 'ApCe_81', 'ApCe_83',
       'ApFl_122', 'ApFl_128', 'ApFl_132', 'ApFl_26', 'ApMe_54', 'AtCo_160',
       'BaDo_30', 'BoIm_51', 'BoTe_130', 'CaFl_226', 'CaFl_303', 'CaFl_405',
       'CaFl_408', 'CoFl_111', 'CoFl_66', 'CyCo_149', 'CyCo_180', 'CyCo_181',
       'DiQu_108', 'DiQu_156', 'DiQu_211', 'DiQu_98', 'DrAr_27', 'DrAr_39',
       'DrAr_41', 'DrBu_33', 'DrEl_41', 'DrEl_49', 'DrGr_60', 'DrMo_42',
       'DrMo_47', 'HaLa_71', 'HaSa_125', 'HaSa_238', 'HeAr_27', 'HyKa_34',
       'MoPh_118', 'MoPh_174', 'OoBi_311', 'PaPo_25', 'PaXu_18', 'PaXu_28',
       'PaXu_9', 'TrCa_162', 'TrCa_201', 'TrZe_122', 'TrZe_130', 'VaTa_33',
       'VaTa_40', 'VaTa_50', 'VaTa_52', 'VoEm_138', 'WaAu_160', 'WaAu_162',
       'WaAu_166', 'WaAu_234', 'WaAu_236'],
      dtype='object')","Index(['ApCe_100', 'ApCe_62', 'ApFl_107', 'AtCo_199', 'BoTe_75', 'CaFl_174',
       'CeSo_13', 'CeSo_24', 'CeSo_33', 'CiLe_24', 'CyCo_148', 'DrAr_56',
       'DrBu_17', 'DrBu_44', 'DrBu_67', 'DrBu_68', 'DrEl_36', 'DrEr_46',
       'DrMo_52', 'LiHu_195', 'LiHu_98', 'MoPh_103', 'RhMa_26', 'TrCa_155',
       'TrNi_56', 'VaTa_29', 'VaTa_34', 'VoEm_125', 'VoEm_144', 'WaAu_251'],
      dtype='object')","Index(['AeAe_33', 'AnGa_65', 'ApMe_124', 'BoTe_77', 'CaFl_159', 'CyCo_153',
       'DiQu_206', 'DrBi_39', 'DrBu_10', 'DrBu_40', 'DrEl_60', 'DrFi_20',
       'DrWi_56', 'DuNo_23', 'HaSa_115', 'MeRo_92', 'PaMa_35', 'PaPo_46',
       'RhMa_34', 'SiFl_9', 'TrNi_60', 'TrSe_186', 'VaTa_36', 'VoEm_252',
       'ZeCu_46'],
      dtype='object')","Index(['AeAe_83', 'AgPl_10', 'AnGa_66', 'ApCe_91', 'ApFl_83', 'ApMe_61',
       'BoTe_59', 'CaFl_166', 'CeCa_19', 'CrSe_14', 'CrSe_16', 'CyCo_176',
       'DrBu_15', 'DrBu_45', 'DrEl_33', 'DrPe_12', 'DrVi_55', 'DuNo_20',
       'HaLa_43', 'HaSa_100', 'HaSa_122', 'HeAr_29', 'LiHu_212', 'MeRo_105',
       'MiDe_171', 'OoBi_159', 'OoBi_162', 'OoBi_220', 'PaXu_52', 'PoDo_73',
       'PoDo_82', 'PoDo_98', 'TrNi_59', 'WaAu_163', 'WaAu_214', 'ZeCu_74'],
      dtype='object')"
56,"['163882', '101898419', '49799338', '442432']","Index(['AeAe_32', 'AeAe_37', 'AeAe_41', 'AeAe_61', 'AeAe_70', 'AnGa_28',
       'AnGa_8', 'ApCe_47', 'ApCe_63', 'ApCe_74', 'ApMe_54', 'CaFl_226',
       'CaFl_303', 'CaFl_394', 'DiQu_156', 'DiQu_98', 'DrGr_60', 'DrVi_13',
       'HaLa_71', 'PaPo_25', 'PaXu_9', 'TrCa_162', 'VaTa_50', 'WaAu_162',
       'WaAu_236'],
      dtype='object')","Index(['AeAe_18', 'AeAe_31', 'AgPl_10', 'AmTr_15', 'AmTr_51', 'AmTr_57',
       'AnGa_16', 'AnGa_18', 'ApCe_46', 'ApCe_55', 'ApFl_113', 'ApFl_124',
       'ApFl_125', 'ApFl_127', 'AtCo_112', 'AtCo_164', 'AtCo_199', 'BaDo_30',
       'BoIm_86', 'CaFl_154', 'CaFl_172', 'CaFl_308', 'CaFl_324', 'CaFl_390',
       'CeSo_24', 'CeSo_33', 'CoFl_65', 'CoFl_75', 'CoFl_99', 'CrSe_14',
       'CrSe_16', 'CyCo_178', 'DiQu_110', 'DiQu_130', 'DiQu_161', 'DiQu_206',
       'DrAr_56', 'DrBu_55', 'DrGr_34', 'DrPe_65', 'DrWi_41', 'HaSa_100',
       'HaSa_173', 'HaSa_177', 'HaSa_185', 'HaSa_97', 'HeAr_67', 'LiHu_138',
       'LiHu_99', 'MoPh_102', 'MoPh_174', 'OoBi_161', 'OoBi_273', 'PoDo_63',
       'RhMa_24', 'RhMa_26', 'RhMa_34', 'SiFl_11', 'TrCa_133', 'TrCa_140',
       'TrCa_155', 'TrCa_179', 'TrSe_129', 'TrSe_186', 'TrZe_122', 'VaTa_30',
       'VaTa_31', 'VoEm_167', 'VoEm_195', 'VoEm_242', 'VoEm_327', 'VoEm_82'],
      dtype='object')","Index(['AmTr_37', 'AnGa_21', 'AnGa_59', 'AnGa_65', 'ApCe_72', 'ApMe_79',
       'BoTe_74', 'BoTe_75', 'DiQu_108', 'DrAr_48', 'DrBi_39', 'DrBi_49',
       'DrEl_41', 'DrEl_60', 'DrEr_24', 'DrPe_12', 'DrVi_21', 'DrVi_44',
       'DrVi_49', 'DrWi_56', 'DrYa_33', 'DuNo_20', 'HaSa_122', 'LiHu_95',
       'OoBi_339', 'OoBi_340', 'PaMa_10', 'TrCa_201', 'TrNi_23', 'TrSe_153',
       'TrZe_120', 'VaTa_25', 'VoEm_125', 'VoEm_144', 'WaAu_190'],
      dtype='object')","Index(['AeAe_65', 'AeAe_73', 'AmTr_12', 'AnGa_32', 'AnGa_33', 'AnGa_54',
       'AnGa_58', 'AnGa_66', 'ApCe_45', 'ApCe_62', 'ApCe_91', 'BoIm_119',
       'BoTe_130', 'BoTe_73', 'BoTe_77', 'CaFl_174', 'CaFl_392', 'CiLe_26',
       'CoFl_111', 'CyCo_104', 'CyCo_176', 'CyCo_199', 'CyCo_200', 'DrBi_41',
       'DrBi_9', 'DrBu_66', 'DrEl_19', 'DrEl_33', 'DrEl_36', 'DrMo_42',
       'DrVi_18', 'DrVi_55', 'HaSa_157', 'HaSa_179', 'HaSa_200', 'HeAr_29',
       'HeAr_66', 'MeRo_107', 'MoPh_100', 'OoBi_209', 'PoDo_98', 'TrCa_127',
       'TrCa_137', 'TrNi_53', 'TrNi_55', 'TrNi_63', 'VoEm_186', 'VoEm_187',
       'VoEm_192', 'VoEm_243', 'VoEm_253', 'WaAu_163', 'WaAu_181', 'WaAu_214',
       'WaAu_234'],
      dtype='object')"
57,"['163882', '23427263', '21592256', '12187779']","Index(['AcEc_199', 'AeAe_32', 'AeAe_35', 'AeAe_37', 'AeAe_41', 'AeAe_42',
       'AeAe_61', 'AeAe_69', 'AeAe_70', 'AeAe_79', 'AgPl_12', 'AmTr_14',
       'AmTr_32', 'AmTr_51', 'AnGa_11', 'AnGa_12', 'AnGa_21', 'AnGa_24',
       'AnGa_28', 'AnGa_41', 'AnGa_44', 'AnGa_45', 'AnGa_48', 'AnGa_49',
       'AnGa_54', 'AnGa_59', 'AnGa_64', 'AnGa_8', 'ApCe_119', 'ApCe_45',
       'ApCe_46', 'ApCe_47', 'ApCe_48', 'ApCe_54', 'ApCe_63', 'ApCe_66',
       'ApCe_72', 'ApCe_73', 'ApCe_74', 'ApFl_128', 'ApFl_130', 'ApFl_132',
       'ApFl_26', 'ApMe_76', 'AtCo_160', 'BoTe_130', 'CaFl_226', 'CaFl_248',
       'CaFl_263', 'CaFl_303', 'CaFl_405', 'CaFl_408', 'CoFl_111', 'CoFl_66',
       'CyCo_149', 'CyCo_181', 'DiQu_108', 'DiQu_156', 'DiQu_211', 'DiQu_98',
       'DrAr_27', 'DrBu_33', 'DrBu_55', 'DrEl_41', 'DrEl_49', 'DrGr_60',
       'DrGr_7', 'DrWi_55', 'HaLa_59', 'HaLa_71', 'HaSa_116', 'HaSa_125',
       'HaSa_238', 'HeAr_27', 'HyKa_34', 'MoPh_118', 'MoPh_174', 'OoBi_311',
       'OoBi_339', 'PaPo_25', 'PaXu_18', 'PaXu_28', 'PaXu_9', 'RhMa_24',
       'TrCa_162', 'TrCa_201', 'TrZe_120', 'TrZe_122', 'VaTa_33', 'VaTa_50',
       'VaTa_52', 'VoEm_138', 'WaAu_160', 'WaAu_162', 'WaAu_166', 'WaAu_234',
       'WaAu_236'],
      dtype='object')","Index(['AeAe_33', 'AeAe_98', 'AnGa_18', 'AnGa_32', 'ApMe_124', 'BoTe_74',
       'BoTe_75', 'CeSo_13', 'DiQu_109', 'DrAr_48', 'DrAr_56', 'DrGr_26',
       'DrMo_52', 'DuNo_23', 'HaSa_157', 'HaSa_226', 'HyKa_25', 'TrCa_133',
       'TrCa_138', 'TrCa_161', 'TrNi_55', 'TrSe_143', 'TrSe_186', 'VoEm_125',
       'ZeCu_52'],
      dtype='object')","Index(['AcEc_119', 'AmTr_13', 'AmTr_16', 'AmTr_40', 'AmTr_52', 'AnGa_58',
       'ApCe_100', 'ApCe_62', 'AtCo_199', 'BoTe_120', 'CaFl_159', 'CeSo_24',
       'CeSo_33', 'CyCo_199', 'DrBu_31', 'DrEl_60', 'DrVi_18', 'HaSa_161',
       'LiHu_195', 'SiFl_11', 'SiFl_9', 'TrCa_155', 'TrNi_56', 'TrNi_59',
       'VaTa_29', 'VoEm_192'],
      dtype='object')","Index(['AgPl_10', 'AmTr_15', 'ApFl_125', 'ApMe_61', 'CaFl_166', 'CeCa_19',
       'CoFl_72', 'CrSe_14', 'CrSe_16', 'DrBu_15', 'DrEl_33', 'DrPe_12',
       'DrYa_49', 'DuNo_20', 'HaLa_43', 'HaSa_100', 'HaSa_122', 'HaSa_177',
       'HeAr_23', 'HeAr_29', 'LiHu_95', 'LiHu_96', 'MeRo_105', 'MiDe_171',
       'MoPh_105', 'OoBi_162', 'OoBi_95', 'PaMa_10', 'PaXu_52', 'PoDo_73',
       'PoDo_82', 'PoDo_98', 'TrCa_169', 'VoEm_327', 'ZeCu_74'],
      dtype='object')"
58,"['163882', '23427263', '12187779', '340066']","Index(['AeAe_105', 'AeAe_32', 'AeAe_35', 'AeAe_37', 'AeAe_41', 'AeAe_61',
       'AeAe_65', 'AeAe_69', 'AeAe_70', 'AeAe_73', 'AeAe_79', 'AgPl_11',
       'AgPl_12', 'AmTr_14', 'AmTr_23', 'AmTr_31', 'AmTr_32', 'AmTr_51',
       'AnGa_11', 'AnGa_12', 'AnGa_13', 'AnGa_24', 'AnGa_27', 'AnGa_28',
       'AnGa_33', 'AnGa_41', 'AnGa_44', 'AnGa_45', 'AnGa_46', 'AnGa_48',
       'AnGa_49', 'AnGa_53', 'AnGa_59', 'AnGa_64', 'AnGa_8', 'ApCe_119',
       'ApCe_46', 'ApCe_47', 'ApCe_48', 'ApCe_54', 'ApCe_63', 'ApCe_74',
       'ApCe_81', 'ApCe_83', 'ApFl_122', 'ApFl_128', 'ApFl_130', 'ApFl_132',
       'ApFl_26', 'ApFl_74', 'ApMe_54', 'BoTe_130', 'CaFl_226', 'CaFl_303',
       'CaFl_405', 'CaFl_408', 'CoFl_66', 'CyCo_149', 'CyCo_180', 'CyCo_181',
       'DiQu_156', 'DiQu_98', 'DrAr_39', 'DrAr_43', 'DrBu_55', 'DrEl_41',
       'DrEl_49', 'DrGr_60', 'DrMo_42', 'DrMo_47', 'HaLa_71', 'HaSa_125',
       'HyKa_34', 'MoPh_118', 'OoBi_311', 'PaPo_25', 'PaXu_18', 'PaXu_28',
       'PaXu_9', 'TrCa_162', 'TrCa_201', 'TrZe_120', 'TrZe_130', 'VaTa_40',
       'VaTa_50', 'VaTa_52', 'VoEm_138', 'WaAu_162', 'WaAu_166', 'WaAu_234',
       'WaAu_236'],
      dtype='object')","Index(['AeAe_33', 'AeAe_63', 'AnGa_18', 'AnGa_32', 'ApFl_107', 'BoTe_74',
       'BoTe_75', 'CoFl_104', 'DiQu_109', 'DrAr_48', 'DrAr_56', 'DrBu_31',
       'DrGr_26', 'DrMo_52', 'HaSa_226', 'HyKa_25', 'PaMa_35', 'PaPo_46',
       'RhMa_34', 'TrCa_133', 'TrCa_138', 'TrCa_161', 'TrNi_60', 'TrSe_143',
       'VoEm_252', 'VoEm_259', 'ZeCu_52'],
      dtype='object')","Index(['AgPl_10', 'ApFl_125', 'ApMe_61', 'BoTe_120', 'CaFl_166', 'CeCa_19',
       'CoFl_65', 'CoFl_72', 'CrSe_16', 'DrBu_15', 'DrBu_58', 'DrEr_51',
       'DrPe_12', 'DrVi_55', 'DrYa_49', 'HaLa_43', 'HaSa_100', 'HaSa_122',
       'HeAr_23', 'LiHu_96', 'MeRo_105', 'MiDe_171', 'MoPh_105', 'OoBi_162',
       'PaMa_10', 'PaXu_52', 'PoDo_73', 'PoDo_82', 'PoDo_98', 'WaAu_163',
       'ZeCu_74'],
      dtype='object')","Index(['AmTr_16', 'AmTr_17', 'AnGa_58', 'ApCe_75', 'ApFl_77', 'ApMe_124',
       'BaDo_38', 'BoTe_77', 'CaFl_154', 'CaFl_159', 'CiLe_24', 'CiLe_26',
       'DiQu_130', 'DrEl_36', 'DrEl_60', 'DrFi_35', 'DrWi_41', 'DrWi_56',
       'HaSa_110', 'HaSa_155', 'HaSa_216', 'HeAr_67', 'LiHu_110', 'LiHu_138',
       'LiHu_153', 'LiHu_99', 'MoPh_103', 'MoPh_181', 'RhMa_28', 'TrCa_155',
       'TrCa_169', 'TrCa_192', 'TrNi_56', 'VoEm_144', 'VoEm_186', 'VoEm_187',
       'VoEm_192', 'VoEm_214'],
      dtype='object')"
59,"['163882', '21592256', '12187779', '340066']","Index(['AeAe_32', 'AeAe_35', 'AeAe_37', 'AeAe_41', 'AeAe_61', 'AeAe_69',
       'AeAe_70', 'AeAe_79', 'AgPl_12', 'AmTr_14', 'AmTr_32', 'AmTr_51',
       'AnGa_11', 'AnGa_12', 'AnGa_24', 'AnGa_28', 'AnGa_41', 'AnGa_43',
       'AnGa_44', 'AnGa_45', 'AnGa_48', 'AnGa_49', 'AnGa_59', 'AnGa_64',
       'AnGa_8', 'ApCe_119', 'ApCe_46', 'ApCe_47', 'ApCe_48', 'ApCe_54',
       'ApCe_63', 'ApCe_74', 'ApFl_128', 'ApFl_130', 'ApFl_132', 'ApFl_26',
       'BaDo_30', 'BoIm_51', 'BoTe_130', 'CaFl_226', 'CaFl_303', 'CaFl_405',
       'CaFl_408', 'CoFl_66', 'CyCo_149', 'CyCo_181', 'DiQu_156', 'DiQu_98',
       'DrBu_55', 'DrEl_41', 'DrEl_49', 'DrGr_60', 'HaLa_71', 'HaSa_125',
       'HyKa_34', 'LiHu_219', 'MoPh_118', 'OoBi_311', 'PaPo_25', 'PaXu_18',
       'PaXu_28', 'PaXu_9', 'TrCa_162', 'TrCa_201', 'TrZe_120', 'VaTa_50',
       'VaTa_52', 'VoEm_138', 'WaAu_162', 'WaAu_166', 'WaAu_234', 'WaAu_236'],
      dtype='object')","Index(['AcEc_119', 'AeAe_63', 'AmTr_13', 'AmTr_40', 'AmTr_52', 'ApCe_100',
       'ApCe_62', 'ApFl_107', 'AtCo_199', 'BoTe_120', 'CeSo_24', 'CeSo_33',
       'CoFl_104', 'CyCo_199', 'DrBu_31', 'DrVi_18', 'HaSa_161', 'LiHu_195',
       'PaMa_35', 'RhMa_34', 'SiFl_11', 'SiFl_9', 'TrNi_56', 'TrNi_59',
       'TrNi_60', 'VaTa_29', 'VoEm_252', 'VoEm_259'],
      dtype='object')","Index(['AgPl_10', 'ApFl_125', 'ApMe_61', 'CaFl_166', 'CeCa_19', 'CoFl_72',
       'CrSe_16', 'DrBu_15', 'DrGr_27', 'DrPe_12', 'DrVi_21', 'DrWi_30',
       'DrYa_49', 'HaLa_43', 'HaSa_100', 'HaSa_122', 'HaSa_189', 'HeAr_23',
       'LiHu_96', 'MeRo_105', 'MiDe_171', 'MoPh_105', 'OoBi_162', 'OoBi_220',
       'PaMa_10', 'PaXu_52', 'PoDo_73', 'PoDo_82', 'PoDo_98', 'ZeCu_74'],
      dtype='object')","Index(['AeAe_98', 'AmTr_17', 'ApCe_75', 'ApFl_77', 'ApMe_124', 'BaDo_38',
       'BoTe_77', 'CaFl_154', 'CeSo_13', 'CiLe_24', 'CiLe_26', 'DiQu_130',
       'DrEl_36', 'DrFi_35', 'DrWi_41', 'DrWi_56', 'DuNo_23', 'HaSa_110',
       'HaSa_155', 'HaSa_157', 'HaSa_216', 'HeAr_67', 'LiHu_110', 'LiHu_138',
       'LiHu_153', 'LiHu_99', 'MoPh_103', 'MoPh_181', 'TrCa_169', 'TrCa_192',
       'TrNi_55', 'TrSe_186', 'VoEm_125', 'VoEm_144', 'VoEm_186', 'VoEm_187',
       'VoEm_214'],
      dtype='object')"
60,"['6434971', '23427263', '129775774', '11530417']","Index(['AeAe_69', 'AmTr_14', 'AmTr_15', 'ApCe_100', 'ApCe_74', 'ApFl_113',
       'ApFl_125', 'AtCo_199', 'CeSo_33', 'CyCo_148', 'DrBu_17', 'DrBu_68',
       'DrEl_36', 'DrEl_49', 'DrEr_24', 'DrEr_46', 'DrMo_47', 'DrVi_13',
       'HaSa_110', 'HaSa_116', 'HeAr_23', 'LiHu_195', 'LiHu_95', 'LiHu_96',
       'OoBi_95', 'PaMa_10', 'PaXu_18', 'RhMa_24', 'RhMa_26', 'RhMa_29',
       'SiFl_7', 'TrNi_56', 'TrSe_114', 'TrZe_120', 'VaTa_29', 'VaTa_34'],
      dtype='object')","Index(['AeAe_41', 'AeAe_62', 'AeAe_83', 'AmTr_18', 'AmTr_23', 'AnGa_18',
       'AnGa_20', 'AnGa_32', 'AnGa_43', 'AnGa_66', 'ApCe_91', 'BaDo_30',
       'BoIm_51', 'CeCa_33', 'CyCo_104', 'DiQu_109', 'DrAr_41', 'DrAr_48',
       'DrBu_45', 'DrGr_26', 'HaSa_122', 'HaSa_157', 'HaSa_238', 'HyKa_34',
       'MoPh_178', 'TrCa_138', 'TrNi_59', 'WaAu_214', 'ZeCu_52'],
      dtype='object')","Index(['AeAe_18', 'AeAe_61', 'AmTr_35', 'AmTr_54', 'AnGa_11', 'AnGa_27',
       'AnGa_33', 'ApCe_60', 'ApCe_66', 'ApCe_72', 'ApCe_81', 'ApFl_127',
       'ApFl_75', 'ApFl_83', 'AtCo_160', 'BaDo_38', 'BoTe_120', 'CaFl_166',
       'CaFl_226', 'CaFl_324', 'CaFl_394', 'CeCa_19', 'CiLe_32', 'CoFl_75',
       'CoFl_93', 'CrSe_14', 'CyCo_151', 'CyCo_176', 'DiQu_108', 'DiQu_130',
       'DiQu_161', 'DrAr_27', 'DrAr_30', 'DrBu_15', 'DrBu_66', 'DrGr_27',
       'DrMo_42', 'DrVi_21', 'DrWi_41', 'DuNo_20', 'HaLa_59', 'HaSa_161',
       'HeAr_29', 'LiHu_138', 'LiHu_153', 'LiHu_99', 'MoPh_143', 'OoBi_159',
       'OoBi_162', 'PaMa_35', 'PaXu_55', 'PoDo_63', 'TrCa_137', 'TrSe_154',
       'TrZe_153', 'VaTa_25', 'VoEm_196', 'VoEm_241', 'VoEm_345', 'VoEm_77',
       'VoEm_78', 'VoEm_82', 'WaAu_162', 'WaAu_163'],
      dtype='object')","Index(['AcEc_199', 'AeAe_58', 'AeAe_65', 'AeAe_79', 'AeAe_84', 'AgPl_11',
       'AmTr_31', 'AnGa_14', 'AnGa_16', 'AnGa_24', 'AnGa_37', 'AnGa_65',
       'ApCe_54', 'ApCe_94', 'ApFl_130', 'ApMe_54', 'CaFl_159', 'CaFl_89',
       'DrAr_43', 'DrBi_23', 'DrBi_39', 'DrFi_20', 'DrFi_57', 'DrVi_11',
       'HaSa_115', 'HaSa_200', 'MeRo_92', 'OoBi_209', 'PaMa_30', 'PaPo_25',
       'RhMa_31', 'SiFl_9', 'TrNi_46', 'TrSe_173', 'TrZe_172', 'VaTa_36',
       'ZeCu_46'],
      dtype='object')"
61,"['6434971', '23427263', '129775774', '91748460']","Index(['AeAe_69', 'AeAe_70', 'AmTr_12', 'AmTr_14', 'AmTr_15', 'AnGa_21',
       'AnGa_44', 'ApCe_100', 'ApFl_113', 'ApFl_125', 'ApMe_63', 'AtCo_199',
       'BoIm_108', 'CeSo_33', 'CyCo_148', 'DrBu_17', 'DrBu_55', 'DrBu_68',
       'DrEl_36', 'DrEl_49', 'DrEr_24', 'DrEr_46', 'DrEr_51', 'DrVi_13',
       'HaSa_110', 'HaSa_116', 'HaSa_214', 'LiHu_195', 'LiHu_96', 'OoBi_95',
       'PaMa_10', 'RhMa_24', 'RhMa_26', 'RhMa_29', 'TrNi_56', 'TrSe_114',
       'VaTa_29', 'VaTa_34', 'VoEm_195'],
      dtype='object')","Index(['AeAe_33', 'AeAe_41', 'AeAe_62', 'AeAe_83', 'AmTr_18', 'AnGa_18',
       'AnGa_20', 'AnGa_32', 'AnGa_65', 'AnGa_66', 'ApCe_91', 'BaDo_30',
       'BoIm_51', 'CeCa_33', 'CyCo_104', 'CyCo_180', 'DiQu_107', 'DiQu_109',
       'DrAr_41', 'DrAr_48', 'DrBu_10', 'DrBu_45', 'DrGr_26', 'HaSa_157',
       'HeAr_16', 'MoPh_178', 'RhMa_34', 'TrCa_138', 'TrNi_59', 'TrNi_60',
       'TrSe_186', 'VoEm_252', 'ZeCu_52'],
      dtype='object')","Index(['AeAe_18', 'AeAe_37', 'AeAe_61', 'AgPl_12', 'AmTr_35', 'AmTr_54',
       'AnGa_11', 'AnGa_27', 'AnGa_33', 'AnGa_47', 'AnGa_48', 'AnGa_54',
       'ApCe_48', 'ApCe_60', 'ApCe_66', 'ApFl_127', 'ApFl_26', 'ApFl_75',
       'ApFl_83', 'AtCo_160', 'BaDo_38', 'BoTe_120', 'BoTe_77', 'CaFl_166',
       'CaFl_226', 'CaFl_308', 'CaFl_324', 'CaFl_369', 'CaFl_394', 'CeCa_19',
       'CiLe_32', 'CoFl_75', 'CoFl_93', 'CrSe_14', 'CyCo_151', 'CyCo_153',
       'CyCo_176', 'DiQu_108', 'DiQu_130', 'DiQu_156', 'DiQu_161', 'DiQu_206',
       'DrAr_27', 'DrAr_30', 'DrBu_15', 'DrBu_66', 'DrEl_60', 'DrGr_27',
       'DrMo_42', 'DrVi_21', 'DuNo_20', 'HaLa_59', 'HaLa_71', 'HaSa_161',
       'HeAr_29', 'LiHu_138', 'LiHu_153', 'LiHu_99', 'MoPh_100', 'MoPh_143',
       'OoBi_159', 'OoBi_162', 'PaMa_35', 'PaXu_55', 'PoDo_63', 'TrCa_137',
       'TrSe_154', 'TrZe_153', 'VoEm_196', 'VoEm_241', 'VoEm_345', 'VoEm_77',
       'VoEm_78', 'VoEm_82', 'WaAu_162', 'WaAu_163'],
      dtype='object')","Index(['AeAe_84', 'AnGa_14', 'AnGa_37', 'AnGa_58', 'CaFl_89', 'DrAr_43',
       'DrBi_23', 'DrBu_46', 'DrEl_41', 'DrMo_47', 'DrPe_42', 'DrVi_11',
       'DrVi_49', 'HaSa_238', 'MeRo_105', 'MoPh_181', 'PaMa_30', 'RhMa_31',
       'RhMa_32', 'SiFl_7', 'TrNi_23', 'TrNi_62', 'TrZe_172', 'VaTa_36',
       'VaTa_50', 'WaAu_234'],
      dtype='object')"
62,"['6434971', '23427263', '129775774', '340066']","Index(['AeAe_69', 'AeAe_70', 'AmTr_14', 'ApCe_100', 'ApFl_125', 'AtCo_199',
       'BoIm_108', 'CeSo_33', 'CyCo_148', 'CyCo_164', 'DrBu_17', 'DrBu_55',
       'DrBu_68', 'DrEr_46', 'DrEr_51', 'DrFi_54', 'DrMo_47', 'DrVi_13',
       'HeAr_23', 'LiHu_195', 'LiHu_96', 'PaMa_10', 'RhMa_26', 'RhMa_29',
       'SiFl_7', 'TrNi_56', 'TrZe_120', 'VaTa_29', 'VaTa_34', 'VaTa_50'],
      dtype='object')","Index(['AeAe_33', 'AeAe_83', 'AnGa_18', 'AnGa_32', 'AnGa_35', 'AnGa_43',
       'BaDo_30', 'BoIm_51', 'CeCa_33', 'CyCo_104', 'DiQu_109', 'DrAr_48',
       'DrBu_45', 'DrGr_26', 'HaSa_122', 'HyKa_34', 'MoPh_178', 'RhMa_34',
       'TrCa_138', 'TrNi_59', 'TrNi_60', 'TrNi_62', 'VoEm_252', 'WaAu_214',
       'ZeCu_52'],
      dtype='object')","Index(['AeAe_18', 'AmTr_35', 'AmTr_54', 'AnGa_11', 'AnGa_27', 'AnGa_33',
       'ApCe_48', 'ApCe_60', 'ApCe_81', 'ApFl_127', 'ApFl_75', 'ApFl_83',
       'BoTe_120', 'CaFl_166', 'CaFl_324', 'CaFl_394', 'CeCa_19', 'CoFl_93',
       'CyCo_153', 'CyCo_176', 'DiQu_161', 'DiQu_206', 'DrBu_15', 'DrBu_66',
       'DrGr_27', 'DrMo_42', 'DrVi_21', 'HaLa_59', 'HaSa_161', 'MoPh_143',
       'OoBi_159', 'OoBi_162', 'PaMa_35', 'PaXu_55', 'PoDo_63', 'TrCa_137',
       'TrSe_154', 'TrZe_153', 'VoEm_196', 'VoEm_241', 'VoEm_345', 'VoEm_77',
       'VoEm_82', 'WaAu_163'],
      dtype='object')","Index(['AcEc_159', 'AcEc_199', 'AeAe_44', 'AeAe_58', 'AmTr_17', 'AmTr_50',
       'AmTr_55', 'AnGa_16', 'AnGa_24', 'AnGa_37', 'AnGa_51', 'AnGa_58',
       'ApCe_45', 'ApCe_73', 'ApCe_75', 'ApFl_132', 'ApFl_77', 'ApMe_124',
       'ApMe_54', 'BoTe_130', 'CaFl_154', 'CaFl_159', 'CaFl_293', 'CaFl_89',
       'CiLe_26', 'CoFl_111', 'DiQu_211', 'DrBi_23', 'DrBu_33', 'DrEl_33',
       'DrFi_35', 'DrFi_57', 'DrVi_11', 'DrVi_44', 'HaSa_110', 'HaSa_155',
       'HaSa_200', 'HaSa_238', 'HeAr_27', 'HeAr_67', 'MoPh_174', 'MoPh_181',
       'PaMa_30', 'PaPo_25', 'RhMa_31', 'TrCa_151', 'TrCa_169', 'TrZe_122',
       'TrZe_172', 'VaTa_25', 'VaTa_33', 'VaTa_36', 'VaTa_52', 'VoEm_186',
       'VoEm_187', 'VoEm_192', 'WaAu_160'],
      dtype='object')"
63,"['6434971', '23427263', '11530417', '12187779']","Index(['AeAe_69', 'AmTr_14', 'AnGa_64', 'ApCe_100', 'ApCe_62', 'ApCe_74',
       'ApMe_90', 'AtCo_199', 'CaFl_248', 'CaFl_263', 'CeSo_24', 'CeSo_33',
       'CiLe_24', 'CyCo_148', 'DrBu_17', 'DrBu_68', 'DrEl_36', 'DrEr_46',
       'HaSa_116', 'LiHu_195', 'MoPh_103', 'RhMa_24', 'RhMa_26', 'TrCa_155',
       'TrNi_56', 'TrZe_120', 'VaTa_29', 'VaTa_34', 'VoEm_144', 'WaAu_251'],
      dtype='object')","Index(['AeAe_41', 'AnGa_18', 'AnGa_32', 'AnGa_43', 'BaDo_30', 'BoIm_51',
       'CaFl_392', 'CoFl_104', 'DiQu_109', 'DrAr_41', 'DrAr_48', 'DrBu_31',
       'DrGr_26', 'HaSa_157', 'HaSa_226', 'HyKa_25', 'MoPh_178', 'TrCa_133',
       'TrCa_138', 'TrCa_161', 'TrNi_55', 'TrSe_143', 'VoEm_259', 'WaAu_190',
       'ZeCu_52'],
      dtype='object')","Index(['AcEc_159', 'AcEc_199', 'AeAe_42', 'AeAe_65', 'AeAe_84', 'AgPl_11',
       'AgPl_12', 'AmTr_31', 'AnGa_14', 'AnGa_54', 'AnGa_65', 'ApCe_48',
       'ApCe_54', 'ApFl_130', 'ApMe_54', 'BoTe_77', 'CaFl_159', 'CaFl_89',
       'CyCo_153', 'DiQu_206', 'DrAr_43', 'DrBi_39', 'DrEl_60', 'DrFi_20',
       'DrWi_55', 'DrWi_56', 'HaLa_59', 'HaSa_115', 'MeRo_92', 'SiFl_9',
       'VaTa_36', 'ZeCu_46'],
      dtype='object')","Index(['AeAe_44', 'AeAe_61', 'AgPl_10', 'AmTr_50', 'AmTr_52', 'AnGa_37',
       'AnGa_51', 'ApFl_132', 'ApFl_83', 'ApMe_61', 'ApMe_77', 'CaFl_166',
       'CaFl_293', 'CaFl_394', 'CeCa_19', 'CiLe_32', 'CoFl_75', 'CrSe_14',
       'CrSe_16', 'CyCo_151', 'CyCo_176', 'DrAr_30', 'DrBu_13', 'DrBu_15',
       'DrEl_33', 'DrEr_43', 'DrPe_12', 'DrPe_42', 'DrVi_13', 'DrVi_44',
       'DrVi_55', 'DrYa_53', 'DuNo_20', 'HaLa_43', 'HaSa_100', 'HaSa_122',
       'HaSa_161', 'HeAr_29', 'HeAr_34', 'MeRo_105', 'MiDe_171', 'MoPh_143',
       'MoPh_180', 'OoBi_162', 'PaXu_52', 'PoDo_73', 'PoDo_82', 'PoDo_98',
       'RhMa_23', 'RhMa_32', 'TrCa_142', 'TrCa_151', 'TrNi_26', 'TrSe_114',
       'VaTa_25', 'VoEm_78', 'WaAu_119', 'WaAu_162', 'WaAu_163', 'ZeCu_74'],
      dtype='object')"
64,"['6434971', '23427263', '12187779', '91748460']","Index(['AeAe_69', 'AeAe_70', 'AmTr_14', 'AnGa_12', 'AnGa_13', 'AnGa_21',
       'AnGa_44', 'ApCe_100', 'ApCe_62', 'ApCe_64', 'ApFl_74', 'ApMe_90',
       'AtCo_199', 'CaFl_248', 'CaFl_263', 'CeSo_33', 'CiLe_24', 'CyCo_148',
       'DrBi_41', 'DrBu_17', 'DrBu_55', 'DrBu_68', 'DrEl_36', 'DrEr_46',
       'DrGr_7', 'HaSa_116', 'HaSa_214', 'HaSa_216', 'HeAr_66', 'LiHu_110',
       'LiHu_195', 'MoPh_103', 'OoBi_311', 'RhMa_24', 'RhMa_26', 'TrCa_155',
       'TrCa_192', 'TrNi_56', 'VaTa_29', 'VaTa_34', 'VoEm_144', 'VoEm_214',
       'WaAu_251'],
      dtype='object')","Index(['AeAe_33', 'AeAe_41', 'AnGa_18', 'AnGa_32', 'ApCe_44', 'BaDo_30',
       'BoIm_51', 'CoFl_104', 'DiQu_109', 'DrAr_41', 'DrAr_48', 'DrBu_10',
       'DrBu_31', 'DrBu_40', 'DrGr_26', 'HaSa_157', 'HaSa_226', 'HyKa_25',
       'MoPh_178', 'PaMa_35', 'PaPo_46', 'RhMa_34', 'TrCa_133', 'TrCa_138',
       'TrCa_161', 'TrNi_55', 'TrNi_60', 'TrSe_143', 'TrSe_186', 'VoEm_252',
       'VoEm_259', 'WaAu_190', 'ZeCu_46', 'ZeCu_52'],
      dtype='object')","Index(['AeAe_37', 'AeAe_44', 'AeAe_58', 'AeAe_61', 'AeAe_79', 'AgPl_10',
       'AmTr_50', 'AmTr_52', 'AmTr_55', 'AnGa_16', 'AnGa_24', 'AnGa_37',
       'AnGa_47', 'AnGa_48', 'AnGa_51', 'ApCe_94', 'ApFl_132', 'ApFl_26',
       'ApFl_83', 'ApMe_61', 'ApMe_77', 'CaFl_166', 'CaFl_293', 'CaFl_308',
       'CaFl_369', 'CaFl_394', 'CeCa_19', 'CiLe_32', 'CoFl_75', 'CrSe_14',
       'CrSe_16', 'CyCo_151', 'CyCo_176', 'DiQu_156', 'DiQu_161', 'DrAr_30',
       'DrBu_13', 'DrBu_15', 'DrEl_33', 'DrFi_57', 'DrPe_12', 'DrVi_13',
       'DrVi_44', 'DrVi_55', 'DrYa_53', 'DuNo_20', 'HaLa_43', 'HaLa_71',
       'HaSa_100', 'HaSa_122', 'HaSa_161', 'HaSa_200', 'HeAr_29', 'HeAr_34',
       'MiDe_171', 'MoPh_100', 'MoPh_143', 'MoPh_180', 'OoBi_162', 'OoBi_209',
       'PaPo_25', 'PaXu_52', 'PoDo_73', 'PoDo_82', 'PoDo_98', 'RhMa_23',
       'TrCa_142', 'TrCa_151', 'TrNi_26', 'TrNi_46', 'TrSe_114', 'TrSe_173',
       'VaTa_25', 'VoEm_78', 'WaAu_119', 'WaAu_162', 'WaAu_163', 'ZeCu_74'],
      dtype='object')","Index(['AcEc_159', 'AeAe_42', 'AeAe_84', 'AnGa_14', 'AnGa_58', 'ApCe_72',
       'ApCe_81', 'CaFl_89', 'DrAr_43', 'DrBu_46', 'DrEl_41', 'DrMo_47',
       'DrPe_42', 'DrVi_49', 'DrWi_41', 'DrWi_55', 'DrWi_56', 'HaLa_59',
       'HaSa_238', 'MoPh_181', 'RhMa_32', 'SiFl_7', 'TrNi_23', 'TrNi_62',
       'VaTa_50', 'WaAu_234'],
      dtype='object')"
65,"['6434971', '21592256', '129775774', '11530417']","Index(['AeAe_69', 'AmTr_14', 'AmTr_15', 'ApCe_74', 'ApFl_125', 'BoTe_75',
       'CyCo_148', 'DrAr_56', 'DrBi_49', 'DrBu_17', 'DrBu_68', 'DrEl_36',
       'DrEr_43', 'DrEr_46', 'DrMo_52', 'DrVi_13', 'HaSa_110', 'HaSa_116',
       'HaSa_158', 'HeAr_23', 'LiHu_95', 'LiHu_96', 'OoBi_95', 'PaMa_10',
       'RhMa_24', 'RhMa_26', 'RhMa_29', 'SiFl_7', 'TrZe_120', 'VaTa_34',
       'ZeCu_62'],
      dtype='object')","Index(['AcEc_119', 'AeAe_105', 'AeAe_37', 'AeAe_41', 'AeAe_44', 'AeAe_62',
       'AeAe_73', 'AmTr_13', 'AmTr_23', 'AmTr_40', 'AmTr_52', 'AnGa_14',
       'AnGa_20', 'AnGa_46', 'AnGa_53', 'AnGa_58', 'AnGa_64', 'AnGa_66',
       'ApCe_83', 'ApCe_91', 'ApFl_122', 'ApFl_128', 'ApFl_132', 'ApMe_54',
       'CyCo_104', 'CyCo_180', 'CyCo_199', 'DrAr_39', 'DrAr_41', 'DrBu_31',
       'DrBu_45', 'DrFi_54', 'DrMo_47', 'DrPe_42', 'DrVi_18', 'DrVi_44',
       'DrVi_55', 'HaSa_122', 'HaSa_238', 'HyKa_34', 'SiFl_11', 'TrNi_59',
       'TrSe_114', 'TrZe_130', 'VaTa_40', 'VoEm_192', 'WaAu_214'],
      dtype='object')","Index(['AeAe_18', 'AeAe_61', 'AmTr_35', 'AmTr_54', 'AnGa_11', 'ApCe_60',
       'ApCe_66', 'ApCe_72', 'ApFl_127', 'ApFl_75', 'ApFl_83', 'AtCo_160',
       'BaDo_38', 'CaFl_166', 'CaFl_324', 'CaFl_394', 'CeCa_19', 'CoFl_75',
       'CoFl_93', 'CrSe_14', 'CyCo_151', 'CyCo_176', 'DiQu_108', 'DiQu_109',
       'DiQu_130', 'DiQu_161', 'DrAr_27', 'DrBu_15', 'DrBu_66', 'DrGr_27',
       'DrVi_21', 'DrWi_41', 'DuNo_20', 'HaLa_59', 'HaSa_161', 'HaSa_226',
       'HeAr_29', 'HyKa_25', 'LiHu_138', 'LiHu_153', 'LiHu_212', 'LiHu_99',
       'MoPh_143', 'OoBi_159', 'OoBi_161', 'OoBi_162', 'OoBi_220', 'PaMa_35',
       'PaXu_55', 'PoDo_63', 'TrCa_133', 'TrCa_137', 'TrCa_161', 'TrNi_55',
       'TrSe_143', 'TrSe_154', 'TrZe_153', 'VoEm_196', 'VoEm_241', 'VoEm_345',
       'VoEm_77', 'VoEm_78', 'VoEm_82', 'WaAu_162'],
      dtype='object')","Index(['AcEc_199', 'AeAe_33', 'AnGa_24', 'AnGa_37', 'AnGa_65', 'ApCe_94',
       'ApFl_130', 'ApMe_124', 'BoIm_51', 'DrAr_48', 'DrBi_39', 'DrFi_20',
       'DrFi_57', 'DrVi_11', 'DuNo_23', 'HaSa_115', 'MeRo_92', 'OoBi_209',
       'PaPo_25', 'PaXu_9', 'TrNi_46', 'TrSe_173', 'TrSe_186', 'TrZe_172',
       'VaTa_36', 'ZeCu_46'],
      dtype='object')"
66,"['6434971', '21592256', '129775774', '340066']","Index(['AeAe_69', 'AeAe_70', 'AgPl_10', 'AmTr_14', 'ApFl_125', 'BoIm_108',
       'BoTe_75', 'CyCo_148', 'DrAr_56', 'DrBu_17', 'DrBu_55', 'DrBu_68',
       'DrEr_43', 'DrEr_46', 'DrMo_52', 'DrPe_49', 'DrVi_13', 'HeAr_23',
       'LiHu_96', 'MoPh_178', 'PaMa_10', 'PaXu_28', 'RhMa_26', 'RhMa_29',
       'SiFl_7', 'TrZe_120', 'VaTa_34', 'ZeCu_62'],
      dtype='object')","Index(['AcEc_119', 'AeAe_105', 'AeAe_37', 'AeAe_65', 'AeAe_73', 'AeAe_79',
       'AeAe_84', 'AgPl_11', 'AmTr_13', 'AmTr_23', 'AmTr_31', 'AmTr_40',
       'AmTr_52', 'AnGa_14', 'AnGa_35', 'AnGa_46', 'AnGa_53', 'AnGa_64',
       'ApCe_54', 'ApCe_83', 'ApFl_122', 'ApFl_128', 'ApMe_54', 'CyCo_104',
       'CyCo_180', 'CyCo_199', 'DrAr_39', 'DrBu_31', 'DrBu_45', 'DrFi_54',
       'DrMo_47', 'DrPe_42', 'DrVi_18', 'DrVi_55', 'HaSa_122', 'HyKa_34',
       'RhMa_34', 'SiFl_11', 'SiFl_9', 'TrNi_59', 'TrNi_60', 'TrNi_62',
       'TrSe_114', 'TrZe_130', 'VaTa_40', 'VoEm_252', 'WaAu_214'],
      dtype='object')","Index(['AeAe_18', 'AmTr_35', 'AmTr_54', 'AnGa_11', 'ApCe_48', 'ApCe_60',
       'ApFl_127', 'ApFl_75', 'ApFl_83', 'CaFl_166', 'CaFl_324', 'CaFl_394',
       'CaFl_405', 'CeCa_19', 'CoFl_93', 'CyCo_153', 'CyCo_176', 'DiQu_109',
       'DiQu_161', 'DiQu_206', 'DrBu_15', 'DrBu_66', 'DrGr_27', 'DrVi_21',
       'HaLa_59', 'HaSa_161', 'HaSa_226', 'HyKa_25', 'MoPh_143', 'OoBi_159',
       'OoBi_162', 'OoBi_220', 'PaMa_35', 'PaXu_55', 'PoDo_63', 'TrCa_133',
       'TrCa_137', 'TrCa_161', 'TrSe_143', 'TrSe_154', 'TrZe_153', 'VoEm_196',
       'VoEm_241', 'VoEm_345', 'VoEm_77', 'VoEm_82'],
      dtype='object')","Index(['AcEc_159', 'AcEc_199', 'AeAe_44', 'AmTr_17', 'AmTr_18', 'AmTr_50',
       'AnGa_24', 'AnGa_37', 'AnGa_51', 'ApCe_45', 'ApCe_73', 'ApCe_75',
       'ApFl_77', 'ApMe_124', 'BoTe_130', 'CaFl_154', 'CaFl_293', 'CiLe_26',
       'CoFl_111', 'DiQu_211', 'DrAr_48', 'DrBu_33', 'DrEl_33', 'DrFi_35',
       'DrFi_57', 'DrVi_11', 'DuNo_23', 'HaSa_110', 'HaSa_155', 'HaSa_157',
       'HaSa_238', 'HeAr_27', 'HeAr_67', 'MoPh_174', 'MoPh_181', 'PaPo_25',
       'PaXu_9', 'TrCa_151', 'TrCa_169', 'TrSe_186', 'TrZe_122', 'TrZe_172',
       'VaTa_25', 'VaTa_33', 'VaTa_52', 'VoEm_186', 'VoEm_187', 'WaAu_160'],
      dtype='object')"
67,"['6434971', '129775774', '11530417', '340066']","Index(['AeAe_69', 'AmTr_14', 'ApCe_100', 'ApFl_125', 'AtCo_199', 'BoTe_75',
       'CeSo_33', 'CyCo_148', 'DrAr_56', 'DrBu_17', 'DrBu_68', 'DrEr_43',
       'DrEr_46', 'DrMo_47', 'DrMo_52', 'DrVi_13', 'HeAr_23', 'LiHu_195',
       'LiHu_96', 'PaMa_10', 'RhMa_26', 'RhMa_29', 'SiFl_7', 'TrNi_53',
       'TrNi_56', 'TrZe_120', 'VaTa_29', 'VaTa_34', 'ZeCu_62'],
      dtype='object')","Index(['AeAe_18', 'AmTr_35', 'AmTr_54', 'AnGa_11', 'AnGa_27', 'AnGa_33',
       'ApCe_60', 'ApCe_81', 'ApFl_127', 'ApFl_75', 'ApFl_83', 'BoTe_120',
       'CaFl_166', 'CaFl_324', 'CaFl_394', 'CeCa_19', 'CoFl_104', 'CoFl_93',
       'CyCo_176', 'DiQu_109', 'DiQu_161', 'DrBu_15', 'DrBu_31', 'DrBu_66',
       'DrGr_27', 'DrMo_42', 'DrVi_21', 'HaLa_59', 'HaSa_161', 'HaSa_226',
       'HyKa_25', 'MoPh_143', 'OoBi_159', 'OoBi_162', 'OoBi_220', 'PaMa_35',
       'PaXu_55', 'PoDo_63', 'TrCa_133', 'TrCa_137', 'TrCa_161', 'TrSe_143',
       'TrSe_154', 'TrZe_153', 'VoEm_196', 'VoEm_241', 'VoEm_259', 'VoEm_345',
       'VoEm_77', 'VoEm_82', 'WaAu_163'],
      dtype='object')","Index(['AeAe_33', 'AeAe_65', 'AeAe_79', 'AeAe_84', 'AgPl_11', 'AmTr_31',
       'AnGa_14', 'AnGa_35', 'AnGa_65', 'ApCe_54', 'ApCe_94', 'ApFl_130',
       'BoIm_51', 'DrAr_43', 'DrBi_39', 'DrFi_20', 'HaSa_115', 'MeRo_92',
       'OoBi_209', 'RhMa_34', 'SiFl_9', 'TrNi_46', 'TrNi_60', 'TrNi_62',
       'TrSe_173', 'VaTa_36', 'VoEm_252', 'ZeCu_46'],
      dtype='object')","Index(['AcEc_159', 'AeAe_41', 'AeAe_44', 'AeAe_62', 'AmTr_17', 'AmTr_18',
       'AmTr_23', 'AmTr_50', 'AnGa_20', 'AnGa_51', 'AnGa_58', 'AnGa_66',
       'ApCe_45', 'ApCe_73', 'ApCe_75', 'ApCe_91', 'ApFl_132', 'ApFl_77',
       'ApMe_124', 'BoTe_130', 'CaFl_154', 'CaFl_293', 'CiLe_26', 'CoFl_111',
       'DiQu_211', 'DrAr_41', 'DrBu_33', 'DrEl_33', 'DrFi_35', 'DrVi_44',
       'HaSa_110', 'HaSa_155', 'HaSa_157', 'HaSa_238', 'HeAr_27', 'HeAr_67',
       'MoPh_174', 'MoPh_181', 'TrCa_151', 'TrCa_169', 'TrZe_122', 'VaTa_25',
       'VaTa_33', 'VaTa_52', 'VoEm_186', 'VoEm_187', 'VoEm_192', 'WaAu_160'],
      dtype='object')"
68,"['23427263', '129775774', '11530417', '340066']","Index(['AeAe_83', 'AnGa_18', 'AnGa_32', 'AnGa_43', 'BaDo_30', 'BoIm_51',
       'BoTe_75', 'CeCa_33', 'CyCo_104', 'DiQu_109', 'DrAr_48', 'DrAr_56',
       'DrBu_45', 'DrEr_43', 'DrGr_26', 'DrMo_52', 'HaSa_122', 'HyKa_34',
       'MoPh_178', 'RhMa_26', 'TrCa_138', 'TrNi_53', 'TrNi_59', 'WaAu_214',
       'ZeCu_52', 'ZeCu_62'],
      dtype='object')","Index(['AeAe_18', 'AmTr_28', 'AmTr_35', 'AmTr_54', 'AnGa_11', 'AnGa_27',
       'AnGa_33', 'ApCe_60', 'ApCe_62', 'ApCe_81', 'ApFl_127', 'ApFl_75',
       'ApFl_83', 'BoTe_120', 'CaFl_166', 'CaFl_324', 'CaFl_394', 'CeCa_19',
       'CeSo_24', 'CoFl_65', 'CoFl_72', 'CoFl_93', 'CyCo_176', 'DiQu_161',
       'DrBu_15', 'DrBu_58', 'DrBu_66', 'DrGr_27', 'DrMo_42', 'DrVi_21',
       'DrYa_49', 'HaLa_59', 'HaSa_161', 'MoPh_105', 'MoPh_143', 'OoBi_159',
       'OoBi_162', 'PaMa_35', 'PaXu_55', 'PoDo_63', 'TrCa_137', 'TrSe_154',
       'TrZe_153', 'VoEm_196', 'VoEm_241', 'VoEm_345', 'VoEm_77', 'VoEm_82',
       'WaAu_163', 'WaAu_251'],
      dtype='object')","Index(['AeAe_65', 'AeAe_70', 'AeAe_79', 'AeAe_84', 'AgPl_11', 'AmTr_31',
       'AnGa_14', 'AnGa_65', 'ApCe_54', 'ApCe_94', 'ApFl_130', 'BoIm_108',
       'CyCo_164', 'DrAr_43', 'DrBi_39', 'DrBu_55', 'DrEr_51', 'DrFi_20',
       'DrFi_54', 'HaSa_115', 'MeRo_92', 'OoBi_209', 'SiFl_9', 'TrNi_46',
       'TrSe_173', 'VaTa_36', 'VaTa_50', 'ZeCu_46'],
      dtype='object')","Index(['AcEc_159', 'AeAe_44', 'AmTr_15', 'AmTr_17', 'AmTr_50', 'AnGa_51',
       'AnGa_58', 'ApCe_45', 'ApCe_73', 'ApCe_74', 'ApCe_75', 'ApFl_113',
       'ApFl_132', 'ApFl_77', 'ApMe_124', 'BoTe_130', 'CaFl_154', 'CaFl_293',
       'CiLe_26', 'CoFl_111', 'DiQu_211', 'DrBu_33', 'DrEl_33', 'DrEl_36',
       'DrEl_49', 'DrEr_24', 'DrFi_35', 'DrVi_44', 'HaSa_110', 'HaSa_116',
       'HaSa_155', 'HaSa_238', 'HeAr_27', 'HeAr_67', 'LiHu_95', 'MoPh_174',
       'MoPh_181', 'OoBi_95', 'PaXu_18', 'RhMa_24', 'TrCa_151', 'TrCa_169',
       'TrSe_114', 'TrZe_122', 'VaTa_25', 'VaTa_33', 'VaTa_52', 'VoEm_186',
       'VoEm_187', 'VoEm_192', 'WaAu_160'],
      dtype='object')"
69,"['21592256', '129775774', '12187779', '340066']","Index(['AcEc_119', 'AeAe_105', 'AeAe_37', 'AeAe_65', 'AeAe_73', 'AeAe_84',
       'AgPl_11', 'AmTr_13', 'AmTr_23', 'AmTr_31', 'AmTr_40', 'AmTr_52',
       'AnGa_14', 'AnGa_35', 'AnGa_46', 'AnGa_53', 'AnGa_64', 'ApCe_100',
       'ApCe_54', 'ApCe_83', 'ApFl_122', 'ApFl_128', 'ApMe_54', 'AtCo_199',
       'CeSo_33', 'CyCo_180', 'CyCo_199', 'DrAr_39', 'DrBu_31', 'DrFi_54',
       'DrMo_47', 'DrVi_18', 'LiHu_195', 'RhMa_34', 'SiFl_11', 'SiFl_9',
       'TrNi_56', 'TrNi_59', 'TrNi_60', 'TrNi_62', 'TrZe_130', 'VaTa_29',
       'VaTa_40', 'VoEm_252'],
      dtype='object')","Index(['AeAe_18', 'AmTr_35', 'AmTr_54', 'AnGa_11', 'ApCe_48', 'ApCe_60',
       'ApFl_127', 'ApFl_75', 'ApFl_83', 'BoTe_74', 'CaFl_166', 'CaFl_324',
       'CoFl_93', 'CyCo_153', 'CyCo_176', 'DiQu_109', 'DiQu_161', 'DiQu_206',
       'DrBu_66', 'DrGr_27', 'DrVi_21', 'HaLa_59', 'HaSa_161', 'HaSa_226',
       'HeAr_66', 'HyKa_25', 'LiHu_219', 'OoBi_159', 'PaMa_35', 'PaXu_55',
       'PoDo_63', 'TrCa_133', 'TrCa_137', 'TrCa_161', 'TrSe_143', 'TrSe_154',
       'TrZe_153', 'VoEm_196', 'VoEm_241', 'VoEm_345', 'VoEm_77', 'VoEm_82',
       'WaAu_251'],
      dtype='object')","Index(['AgPl_10', 'AnGa_37', 'ApCe_94', 'ApFl_125', 'ApMe_61', 'ApMe_77',
       'BoIm_108', 'BoIm_51', 'CeCa_33', 'CrSe_16', 'DrBu_13', 'DrEr_43',
       'DrPe_12', 'DrPe_49', 'DrVi_13', 'DrYa_53', 'HaLa_43', 'HaSa_100',
       'HaSa_122', 'HeAr_23', 'HeAr_34', 'LiHu_96', 'MeRo_105', 'MiDe_171',
       'MoPh_180', 'OoBi_209', 'PaMa_10', 'PaXu_28', 'PaXu_52', 'PoDo_73',
       'PoDo_82', 'PoDo_98', 'RhMa_23', 'RhMa_29', 'RhMa_32', 'SiFl_7',
       'TrCa_142', 'TrNi_26', 'TrNi_46', 'TrSe_173', 'WaAu_119', 'ZeCu_62',
       'ZeCu_74'],
      dtype='object')","Index(['AcEc_159', 'AcEc_199', 'AeAe_98', 'AmTr_17', 'AnGa_21', 'AnGa_44',
       'ApCe_45', 'ApCe_73', 'ApCe_74', 'ApCe_75', 'ApFl_77', 'ApMe_124',
       'BoTe_130', 'CaFl_154', 'CiLe_26', 'CoFl_111', 'DiQu_211', 'DrAr_48',
       'DrBu_33', 'DrEl_36', 'DrFi_35', 'DuNo_23', 'HaSa_110', 'HaSa_116',
       'HaSa_155', 'HaSa_157', 'HaSa_238', 'HeAr_27', 'HeAr_67', 'MoPh_174',
       'MoPh_181', 'RhMa_24', 'TrCa_169', 'TrSe_186', 'TrZe_122', 'VaTa_33',
       'VaTa_52', 'VoEm_186', 'VoEm_187', 'WaAu_160'],
      dtype='object')"
70,"['129775774', '11530417', '12187779', '340066']","Index(['AeAe_18', 'AmTr_35', 'AmTr_54', 'AnGa_11', 'AnGa_27', 'AnGa_33',
       'ApCe_60', 'ApCe_62', 'ApCe_81', 'ApFl_107', 'ApFl_127', 'ApFl_75',
       'ApFl_83', 'BoTe_120', 'CaFl_166', 'CaFl_324', 'CeSo_24', 'CoFl_104',
       'CoFl_93', 'CyCo_176', 'DiQu_109', 'DiQu_161', 'DrBu_31', 'DrBu_66',
       'DrGr_27', 'DrMo_42', 'DrVi_21', 'HaLa_59', 'HaSa_161', 'HaSa_226',
       'HyKa_25', 'LiHu_219', 'OoBi_159', 'PaMa_35', 'PaXu_55', 'PoDo_63',
       'TrCa_133', 'TrCa_137', 'TrCa_161', 'TrSe_143', 'TrSe_154', 'TrZe_153',
       'VoEm_196', 'VoEm_241', 'VoEm_259', 'VoEm_345', 'VoEm_77', 'VoEm_82',
       'WaAu_251'],
      dtype='object')","Index(['AeAe_33', 'AeAe_65', 'AeAe_70', 'AeAe_84', 'AgPl_11', 'AmTr_31',
       'AnGa_14', 'AnGa_35', 'AnGa_65', 'ApCe_54', 'ApFl_130', 'DrAr_43',
       'DrBi_39', 'DrBu_55', 'DrFi_20', 'HaSa_115', 'MeRo_92', 'MoPh_178',
       'RhMa_34', 'SiFl_9', 'TrNi_60', 'TrNi_62', 'VaTa_36', 'VoEm_252',
       'ZeCu_46'],
      dtype='object')","Index(['AeAe_83', 'AgPl_10', 'AmTr_52', 'AnGa_37', 'ApFl_125', 'ApMe_61',
       'ApMe_77', 'CeCa_33', 'CrSe_16', 'CyCo_104', 'DrBu_13', 'DrBu_45',
       'DrEr_43', 'DrMo_47', 'DrPe_12', 'DrPe_42', 'DrVi_13', 'DrVi_55',
       'DrYa_53', 'HaLa_43', 'HaSa_100', 'HaSa_122', 'HeAr_23', 'HeAr_34',
       'HyKa_34', 'LiHu_96', 'MeRo_105', 'MiDe_171', 'MoPh_180', 'PaMa_10',
       'PaXu_52', 'PoDo_73', 'PoDo_82', 'PoDo_98', 'RhMa_23', 'RhMa_26',
       'RhMa_29', 'RhMa_32', 'SiFl_7', 'TrCa_142', 'TrNi_26', 'TrNi_53',
       'TrNi_59', 'TrSe_114', 'WaAu_119', 'WaAu_214', 'ZeCu_62', 'ZeCu_74'],
      dtype='object')","Index(['AcEc_159', 'AeAe_41', 'AmTr_17', 'AnGa_58', 'ApCe_45', 'ApCe_73',
       'ApCe_74', 'ApCe_75', 'ApFl_77', 'ApMe_124', 'BoTe_130', 'CaFl_154',
       'CiLe_26', 'CoFl_111', 'DiQu_211', 'DrAr_41', 'DrBu_33', 'DrEl_36',
       'DrFi_35', 'HaSa_110', 'HaSa_116', 'HaSa_155', 'HaSa_157', 'HaSa_238',
       'HeAr_27', 'HeAr_67', 'MoPh_174', 'MoPh_181', 'RhMa_24', 'TrCa_169',
       'TrZe_122', 'VaTa_33', 'VaTa_52', 'VoEm_186', 'VoEm_187', 'VoEm_192',
       'WaAu_160'],
      dtype='object')"
